"";"ingreso_mensual";"monto_prestamo";"plazo_meses";"score_crediticio";"edad";"trabajo";"cuota"
"1";2958,23746279337;23934,5197224509;48;686,404424133729;46;"monotributo";428,294446616992
"2";3756,93621566047;27538,7290423218;24;739,368209609088;31;"monotributo";989,052429208834
"3";2927,11902262358;18364,8624314132;48;712,913519476731;61;"monotributo";366,379021104453
"4";2188,72269075497;22241,328664829;36;573,763532388168;32;"monotributo";626,970228718027
"5";2634,62854396962;23276,4204525805;12;612,313296988334;54;"formal";1754,67720552346
"6";2869,62191580669;24103,5725724427;48;715,9702649358;26;"informal";481,088336852922
"7";3276,46001951852;17430,3972714601;12;647,179840093022;21;"formal";1334,62707799791
"8";2984,96334749712;28364,649012472;48;766,923442405789;43;"formal";567,679869863413
"9";2755,20112028229;18538,3064815695;12;612,31907303471;64;"monotributo";1407,96928348134
"10";2771,91562324568;21864,7993976048;12;590,795621017741;62;"formal";1723,21316712043
"11";4164,55307813996;16978,0641673507;36;682,784388405796;21;"formal";464,39815955251
"12";1992,7652820324;17060,3637703909;24;782,780122907474;54;"informal";611,289573938889
"13";2156,34362909125;18881,6227013789;36;700,367812518241;28;"formal";444,957161696392
"14";2836,51127214821;22638,8404753614;48;637,965787475482;45;"informal";462,226564541231
"15";2558,56821430046;21550,644373964;12;604,687358987619;62;"formal";1657,17001204576
"16";3187,50524481394;18074,0341477892;36;598,338383466549;51;"formal";510,438764456241
"17";3449,70911781691;24052,637157984;24;648,387619469633;24;"formal";942,940916256804
"18";2939,78373651501;30942,4586172754;48;668,711542469792;30;"monotributo";599,702283500151
"19";1816,17191513833;22960,0855621473;12;509,027991797197;24;"formal";1875,44773137006
"20";2718,94903801001;16914,4097230553;24;888,869693932943;56;"monotributo";561,94183034721
"21";2908,13309537173;27444,8687042898;12;596,408477719431;38;"monotributo";2125,590783242
"22";4365,89878081436;11127,7616598769;12;573,758290496363;45;"formal";878,148309142428
"23";2613,70981869106;23932,7298821013;48;554,20539441111;29;"monotributo";519,630897373564
"24";2980,6496408372;21693,8047994666;36;727,924077991829;36;"informal";541,07222323808
"25";2703,28389894174;20909,6821313068;48;587,698958050958;35;"informal";455,225846364415
"26";3896,9960617409;17451,2489042938;48;742,675111195954;56;"informal";342,724874937374
"27";3192,36442299714;17723,5098929374;12;609,095336656109;47;"monotributo";1374,75976771373
"28";2839,09842206162;22010,4004489056;36;588,784695702248;55;"informal";590,821832962116
"29";1731,5206895186;18329,6031984946;12;674,788565251182;26;"monotributo";1333,69853363443
"30";3075,36912975274;14821,2885535155;24;768,718100769829;65;"monotributo";525,300692904282
"31";3153,09088431907;19317,2718260704;24;639,400536325646;35;"informal";782,593588678378
"32";3612,91891892059;13846,1709817263;12;642,252561099596;27;"formal";1040,15283088777
"33";3137,32860827756;28374,7776469433;12;577,134919684683;38;"monotributo";2222,63778871624
"34";2831,89452976107;19361,6878383355;12;723,52846115352;30;"informal";1379,80595560602
"35";2104,07132353891;31207,7390959173;48;545,632988069946;48;"informal";635,113909269378
"36";4021,94365521081;20919,6469704536;36;665,861944999953;63;"monotributo";564,349021184429
"37";2320,11144534924;16815,1307213913;36;548,684392214925;36;"formal";508,657884791046
"38";3368,88091815306;31910,6887076046;12;614,530408325335;21;"formal";2439,71731038827
"39";2737,9926967137;19083,1871350861;48;746,6084056999;35;"monotributo";388,260901548481
"40";1700,2375971927;18968,1290376473;36;677,634917653526;21;"informal";501,489271130323
"41";3705,19571874839;19986,6963934085;24;560,303096706234;37;"informal";866,308598860005
"42";3152,51358400697;21167,8997922228;24;550,970127630818;37;"formal";892,518140024574
"43";2096,21772867302;23030,524770736;12;739,199818341079;52;"formal";1637,11656259498
"44";3032,24349422081;19725,7919879054;48;622,240707287372;26;"informal";369,091974677598
"45";3008,49777273744;24635,9004019887;48;659,966316889352;24;"informal";513,107813828717
"46";2729,99860203329;21102,1618655169;48;707,033460588065;31;"informal";414,318193588535
"47";2409,49954047699;13560,5305909257;12;684,929357828586;41;"formal";1015,25148762172
"48";3877,76478820072;13864,9403733736;24;675,775941265455;58;"informal";526,284028396197
"49";2941,92903014105;24862,7746713697;24;727,58900184709;52;"formal";935,054698203601
"50";3123,44043544167;20509,8268505395;48;665,829691778309;22;"formal";452,647194354853
"51";5056,86067329029;9832,7608674461;36;700,988000449497;57;"informal";269,442469527062
"52";1981,31737762175;25141,1859842548;48;543,021960628048;59;"monotributo";517,659504427644
"53";2039,42301931149;22450,1753651672;24;592,838833810763;53;"informal";875,773310883393
"54";2825,88119684847;23055,5334840702;12;761,444275081617;49;"formal";1656,71703143399
"55";3375,377605616;13417,7780941393;36;710,48917234276;42;"monotributo";360,129157706637
"56";2879,42518036432;23428,9883280628;24;620,309844429749;40;"informal";889,801100890042
"57";2671,5966713764;17257,1935012326;12;756,451507810347;44;"informal";1219,17403297536
"58";1763,19786713074;16729,9312114987;48;624,066754219359;60;"formal";341,441236880022
"59";3130,32971253342;22203,296379006;36;729,391970396737;64;"monotributo";556,807326528597
"60";3872,75157521651;16411,2484363245;36;804,082584112838;36;"monotributo";380,930970475366
"61";2326,06712286208;26803,9038518524;24;519,685662467891;46;"informal";1089,39713331434
"62";3191,18981340907;19567,1531043942;24;666,982939635623;61;"monotributo";792,268026677603
"63";3188,94623728789;18096,0669295493;12;734,861198054178;45;"informal";1281,94210143108
"64";2252,9846380555;22413,7831253658;24;511,181737068215;47;"monotributo";936,901439743
"65";3513,8925400133;26418,4956835289;24;648,985157232472;63;"formal";1021,67819817938
"66";3816,16413054274;13728,3587297131;48;703,434773160281;42;"formal";294,470729948014
"67";4024,85495060711;16838,0908579924;36;640,992842188891;44;"monotributo";460,238258131873
"68";2111,99982995453;24785,1424846853;12;807,351595815286;47;"monotributo";1679,39333649192
"69";2696,68879332408;21836,8914872166;24;543,205238517198;37;"formal";872,95201087859
"70";3443,55510303226;13384,786453824;24;622,095326989661;45;"formal";536,079080131333
"71";2197,5559501244;22051,7330641794;24;673,639204493933;40;"informal";826,78222395849
"72";2775,02899232645;16720,8117688875;36;648,948503910286;35;"formal";415,812410485232
"73";4369,84178565504;10997,9355815759;48;759,80013812114;56;"informal";210,515041512961
"74";3329,91470692226;19823,4819521151;36;654,99455024548;61;"informal";519,211968253019
"75";2226,67539824787;24750,2701583439;12;669,631346228964;30;"formal";1826,16291370949
"76";2573,08070648232;27476,2829586026;12;549,237170911365;21;"informal";2167,68971433914
"77";2626,74757513924;19146,1358467702;12;570,658692989787;48;"formal";1495,74204908133
"78";4439,94527894199;21931,5128643706;36;672,821449330938;31;"formal";564,905816725133
"79";1253,8715424291;29889,1415049616;12;633,028572388942;32;"formal";2255,10023409414
"80";924,635889219616;22981,6300648543;36;698,742271515518;42;"formal";607,949547067197
"81";2567,72585238646;16904,9359960974;24;611,445393278929;25;"formal";713,647551189224
"82";2067,12407615193;21189,0423095816;24;434,546561595509;39;"monotributo";878,097220104625
"83";3162,84899216853;25789,4684056445;12;518,240246461759;31;"informal";2049,14634540301
"84";3933,30047218758;21429,2080714516;24;743,647545012532;30;"formal";789,090459979959
"85";980,135386981225;15814,0534382765;24;564,96686947633;24;"monotributo";660,779807490344
"86";2718,79915504247;19585,0923853124;24;530,589194479786;55;"formal";840,279752947654
"87";3911,07961418383;20501,8820830119;48;514,573214306774;29;"informal";465,994987413064
"88";2678,59925132554;16533,5658487416;36;537,008858603548;63;"formal";503,414296069642
"89";3716,27821243738;21182,5504510554;12;610,662712110269;30;"formal";1600,43285865212
"90";3407,14896240954;21276,5886846075;48;517,732298241591;32;"informal";473,472035439331
"91";2523,95390438376;11350,8094225538;36;682,667473562693;21;"formal";337,418537717924
"92";3354,14738613453;34442,9391074932;12;604,130778785056;61;"monotributo";2608,00165209217
"93";4430,80193456565;19532,7483954005;36;633,088365840823;54;"formal";560,925604426745
"94";3528,49444805521;20462,9288679957;48;674,526337435374;22;"monotributo";433,802521103023
"95";2750,27847706028;20998,6980303039;12;608,649065948152;30;"formal";1640,37193788757
"96";2676,21674773477;26106,6412262397;48;572,681075812348;46;"monotributo";533,573290682712
"97";3430,58425833551;19323,3703154878;36;558,450497466996;25;"informal";539,869731919207
"98";3560,46181636895;22642,7715488464;24;614,413505154213;30;"formal";901,457775082293
"99";2999,83732936366;23969,1992730006;12;817,784795737115;43;"monotributo";1646,25686150111
"100";3776,91040142312;17531,3916569033;36;613,743179174632;33;"monotributo";447,804979622746
"101";2459,90983506328;18996,3683572104;36;621,807537394183;40;"formal";526,795548912373
"102";2953,76500266261;22318,4422089003;36;649,099636191709;64;"monotributo";613,877497416609
"103";1658,0867820777;22648,6636028802;36;730,537812289838;53;"monotributo";594,607108380858
"104";3262,43049267636;23220,7744943037;12;602,230510269106;24;"formal";1805,22793593596
"105";2852,98224810594;22146,9738964244;36;586,231094465878;45;"formal";610,646834008973
"106";3360,39249770008;22013,9469646838;24;783,325759804343;41;"monotributo";783,136644965896
"107";3030,86744482554;25419,1510398188;24;638,035667486756;47;"formal";997,058040446983
"108";4539,44406695364;25084,9676228606;48;606,131005041906;38;"formal";484,563500580726
"109";1638,9569970044;25794,9154049206;12;701,67704838479;58;"monotributo";1860,51158426095
"110";2444,57477278336;14208,9956436876;24;621,039234142821;29;"informal";585,700549125057
"111";2439,35169051152;24566,3759347729;12;685,371239754719;37;"monotributo";1812,69983404211
"112";3509,90127915191;22748,3592680569;48;692,819317947258;65;"formal";467,643810464955
"113";3336,31213842417;11343,097859197;48;627,872973577229;31;"monotributo";241,412091322346
"114";1748,50374700066;16498,0049007724;48;688,719370475979;64;"monotributo";358,894821312899
"115";2641,07943844074;19317,7368394757;36;480,303647650352;46;"monotributo";576,216060516533
"116";3160,20501349747;25890,5973279124;24;489,470648081311;52;"formal";1102,07208932399
"117";2860,15236713181;15543,187774579;12;631,194137420231;24;"monotributo";1195,40468672307
"118";2580,26424514817;27343,1029478042;48;494,197667582422;51;"monotributo";566,999596998134
"119";3780,59125382515;12783,7772626517;48;772,350378265615;25;"monotributo";288,773749796542
"120";2296,95730645259;15726,6752002843;48;637,333006754091;56;"monotributo";345,549191296741
"121";3174,73422773827;23411,0191112702;36;581,870214857294;27;"informal";647,05431826588
"122";2776,51318882487;19322,0906433291;12;667,866955767882;30;"formal";1413,9213128888
"123";3902,27289644869;27307,4960512128;48;669,933388839522;30;"informal";586,963975693498
"124";2903,66149342466;16736,7568628063;48;547,02163634678;39;"formal";359,433621318166
"125";3716,53135024542;21707,046660886;12;606,745508336284;55;"formal";1666,15317226869
"126";2921,90582918801;22227,0410929929;48;808,270743685415;22;"monotributo";396,553129179621
"127";4483,6549860131;14004,2189529969;24;624,036010337006;37;"informal";554,545172822014
"128";4377,81049170567;18156,8397901194;48;515,935809793812;46;"monotributo";410,048887417383
"129";4120,74361609348;12517,0678056373;12;568,474652898528;33;"informal";982,298795534182
"130";2279,73831344562;20678,0683690239;24;629,380185599606;43;"informal";820,083746841221
"131";3433,11206351174;16945,8155953814;36;689,664274092544;44;"formal";441,379389583786
"132";2214,54444508408;23631,8206830307;48;631,299188923479;41;"informal";512,493834830503
"133";2912,54472629865;19026,9763308482;12;783,243846835212;64;"formal";1324,45971668455
"134";2151,09039716624;28005,9879139369;12;653,787386330894;40;"monotributo";2079,22148873628
"135";4892,91169508244;22265,409421552;12;604,620165282252;26;"informal";1690,39366343301
"136";3979,79912878876;26327,5753797523;12;626,472982323115;37;"monotributo";2001,75247986953
"137";3170,03617865794;17374,1293787954;24;594,857423019494;53;"formal";725,882036215997
"138";3512,71738770514;31496,9133139897;24;599,022778435371;36;"monotributo";1235,10646082584
"139";2490,8324867928;28692,5896846714;12;468,608909175633;55;"formal";2326,54230815837
"140";4310,62856843417;9903,90433915158;36;648,333122751758;40;"monotributo";292,367293266218
"141";3294,47161359816;27543,0700144006;12;670,815365143152;51;"monotributo";2025,29238147562
"142";2760,89889959173;18809,6749585594;12;748,408609509983;64;"monotributo";1331,26498620016
"143";3606,21294512939;23323,0296547548;48;665,009380067272;63;"monotributo";470,509720141943
"144";2662,42897754524;14716,5782746547;12;636,845039858311;26;"monotributo";1150,17468231609
"145";2313,29861699758;17462,9815674822;48;658,123125104847;36;"formal";355,812016081768
"146";2805,78802132154;14169,0940681586;36;710,566925605081;52;"informal";398,792229851049
"147";2384,06177996136;17990,2349962355;48;798,046785684654;64;"informal";363,495111512341
"148";4065,76178222413;7112,66144117015;36;683,402219925738;60;"informal";241,223065058217
"149";2310,79092822697;25343,698235046;48;662,421982880662;23;"formal";503,49443504677
"150";3193,32797238528;24915,486179916;48;471,078576101484;62;"monotributo";536,4593816535
"151";2561,19376154843;14521,1902952404;48;686,826110734354;39;"monotributo";315,043794865852
"152";2286,4768556935;12393,2604819532;48;660,086290061533;33;"informal";287,523372103844
"153";2066,79752158022;23327,6258817385;12;635,953109883246;53;"informal";1774,97941713809
"154";1619,94993126997;14799,5134747058;24;574,148935728195;33;"informal";605,69556107805
"155";3040,21047258716;20123,8341293207;48;584,087114381531;35;"informal";418,720874226071
"156";2036,1126403538;21116,0184478682;48;696,772839741668;28;"informal";420,596848908637
"157";3432,90995779858;15485,8483528641;12;604,268527399838;63;"formal";1186,850140082
"158";3062,29597819177;19975,5573376025;36;521,863774778669;59;"formal";549,797493310128
"159";1956,2430416169;18616,4178714062;36;621,470625387392;58;"formal";486,5624483145
"160";1612,78213700025;22006,4898511648;48;705,388576329785;46;"monotributo";438,240489619927
"161";3612,30330626335;20359,0883456271;36;529,25846821432;26;"informal";575,092597723639
"162";2842,57157156184;15394,3952916498;12;600,951926392321;39;"formal";1179,16028960493
"163";2269,47643090208;12278,615152409;48;612,954067338189;35;"monotributo";275,757014974097
"164";3283,8188617693;20285,4081497986;12;543,504273535005;50;"informal";1607,26061708491
"165";3016,32225437623;6723,66023097349;12;638,359344114013;47;"formal";520,47979453246
"166";3904,5756145926;17116,5641329288;24;781,185572308301;39;"formal";587,412742161244
"167";3575,4485388478;15730,344890454;12;551,898700812698;40;"formal";1274,59484826266
"168";2953,59143379406;13536,4469608129;12;470,252171103675;32;"formal";1172,46893734132
"169";2598,81861033904;25325,3003906193;48;610,002187402985;54;"monotributo";506,84387923557
"170";3894,12294445749;18240,8455910009;48;597,390992786587;46;"informal";405,302837098623
"171";1655,59612516345;11660,5662241977;24;586,527457265788;51;"formal";467,458414383358
"172";3065,50606141417;11850,2619171242;36;570,518827056614;30;"monotributo";320,804814822692
"173";3043,28488642312;21294,2462587075;36;644,406745612626;24;"informal";603,252036315023
"174";3972,28769837376;22114,7878905777;12;592,161880900471;32;"formal";1708,98007071372
"175";3677,48931586459;17727,7795385383;36;567,944839163452;34;"formal";517,138500395052
"176";3269,22366168944;19773,2214417788;36;681,45722303227;39;"monotributo";522,412682909551
"177";2501,07434214155;15108,8005819665;24;662,884037069252;31;"monotributo";578,509791014347
"178";2379,61854138755;25658,7034828575;24;813,72560070355;23;"monotributo";912,179541779869
"179";2780,03304886051;16474,6405333912;48;598,451777194368;59;"informal";370,267901917292
"180";3821,41864075641;29016,1536064098;12;661,426844564329;30;"informal";2145,78761721601
"181";1946,61631491251;11974,9793252137;24;611,474544827479;62;"formal";517,94055954592
"182";2956,36854373187;15492,4988876191;24;720,065739532902;55;"monotributo";567,932693738041
"183";2071,27226806634;24430,0057038303;24;646,043166920924;39;"monotributo";970,361527266453
"184";1982,3341613429;16342,9670701415;24;666,289105462905;50;"informal";641,294624016005
"185";3234,57965912143;19961,616915124;48;656,772995635125;28;"informal";411,8405705391
"186";3988,7823517504;27756,0524245242;48;629,401967286275;24;"informal";581,299768344097
"187";2200,87334929597;21488,6858052939;12;597,927789729977;27;"monotributo";1664,90560926591
"188";2550,87085017031;23130,948408084;24;687,764696084483;34;"monotributo";877,928185682977
"189";3122,89536273498;14769,8799324457;12;641,231851464596;22;"informal";1142,82620273611
"190";2938,65202520614;19343,7534186865;24;653,697531561828;38;"formal";705,057550508979
"191";4202,3155116291;24626,7998261615;12;706,334421744714;23;"monotributo";1786,79627596911
"192";2827,29249851334;15757,7848639444;24;469,099530299976;51;"formal";733,280511785804
"193";3435,09601991646;28949,3635299125;12;604,80906310579;64;"formal";2244,21391785656
"194";3559,45197020093;21307,7105921618;12;639,384604736392;36;"formal";1608,81975709969
"195";3093,42086845766;18274,9448478423;36;699,039264337841;46;"informal";497,440866761877
"196";2578,49566916022;27715,4788774534;24;705,669663907087;34;"informal";1006,4499122516
"197";2208,86721218178;23709,1768413653;36;701,776961275111;62;"monotributo";569,954702491692
"198";3169,61195801509;13498,2666966135;48;877,429231019219;21;"informal";281,833180559923
"199";2994,52173000068;21964,3629929934;24;659,480985526309;48;"informal";859,177525583858
"200";4360,66103530571;28214,3924627149;48;553,966933500664;57;"monotributo";615,363216522129
"201";4561,80675378518;19797,5542128299;12;609,642709022688;23;"monotributo";1535,61322140944
"202";2487,55140281642;13110,9994379992;36;616,987900182953;26;"monotributo";362,654407201239
"203";3963,35464470045;24248,5901338194;24;757,962860934839;63;"informal";878,957656913576
"204";2085,59814737702;16363,9782671936;12;543,294551912965;35;"informal";1313,92528608985
"205";3650,21057867476;9297,96915384542;36;773,758231687351;63;"informal";287,679764266486
"206";3791,63641933724;20592,9275941569;12;594,795606775946;55;"informal";1612,83909948687
"207";3325,63616021493;24936,4619136215;24;695,202747305272;34;"monotributo";963,907971103133
"208";3531,61931742472;20587,760392397;48;596,005528699257;64;"monotributo";422,181706945028
"209";4544,86611374941;18084,9080144385;36;873,502740670456;62;"informal";431,417151227918
"210";2568,963350416;14237,2273174094;36;790,810850315313;31;"informal";335,885167145635
"211";1164,2753558747;23059,1322097942;12;743,029050464569;26;"monotributo";1631,64940586642
"212";3252,90958380626;14385,3855963402;24;522,581337188707;29;"informal";643,535996851695
"213";3238,03565267416;12187,0890844547;24;728,375574657756;21;"formal";486,059377423171
"214";2187,80339579579;27076,4761384465;36;581,144763509096;30;"formal";713,366536522627
"215";3285,11163764086;17339,9451930967;24;627,352182268477;51;"formal";688,954346494322
"216";3415,09842865104;23500,8204276592;24;727,767955878038;45;"informal";888,542057223229
"217";2318,39541810703;25273,7701704982;48;639,495337253466;41;"formal";512,964874257617
"218";2845,94986667653;23867,4665717504;36;541,765477470067;26;"monotributo";631,755253714345
"219";3870,18970110518;18169,2650252077;36;711,093637582238;52;"informal";491,651136275695
"220";2924,82112662909;20641,6962405592;12;526,741239918609;64;"informal";1660,82551007503
"221";3224,25808596651;23572,4716838255;48;665,348620313469;34;"monotributo";481,181911451039
"222";4386,56759613225;24039,791716963;12;549,319618041566;29;"informal";1895,51747777243
"223";3533,16647239073;31775,6894119902;48;799,081689910238;24;"formal";593,952868957217
"224";2884,69855268556;14660,2395929345;24;692,135469747109;42;"monotributo";550,370058024975
"225";3080,67207683002;15075,2006475953;48;738,455987263603;58;"formal";278,625973815455
"226";4902,36911782511;12572,934380528;48;670,249995636956;21;"informal";295,513509297054
"227";1418,98046020503;20360,5324651345;24;565,933957275681;23;"monotributo";827,678198272301
"228";3124,53283344438;25245,2809573976;48;537,600741281241;60;"monotributo";544,582565840806
"229";2401,26587694133;22182,954402628;24;612,66778675317;55;"monotributo";877,544527625262
"230";1878,41485260411;19123,9585383622;12;575,395813717308;50;"monotributo";1477,20601233224
"231";2708,06400528519;20967,9622847302;12;715,089754171644;34;"formal";1532,87356101126
"232";2507,62515211188;24823,0593436657;48;739,599597308514;54;"monotributo";462,467240344771
"233";4077,05662310188;21322,1095758004;24;680,202042967688;64;"monotributo";812,582509062444
"234";2532,39288733006;14738,9117380015;36;677,493447476135;39;"formal";425,956277750569
"235";2903,70271441724;12786,5410571677;12;680,426126378409;46;"monotributo";966,304804919219
"236";2834,46131788639;23498,7635025832;36;633,592178514726;48;"formal";653,338005920424
"237";4317,06016528117;17738,3086831774;24;571,111148617717;50;"formal";683,374052934208
"238";2712,37865801486;26994,7158785979;36;664,114414514852;32;"formal";715,139697821897
"239";3269,76076514082;21188,8201067937;24;659,611417140849;22;"formal";799,487613403524
"240";3364,34336347483;23025,3496378777;12;719,295282946887;59;"monotributo";1696,01973781417
"241";2497,11192204239;20217,5435239121;24;739,014801320745;57;"monotributo";722,462389600143
"242";2713,04242673009;18906,0742485014;48;601,076356738291;23;"informal";436,823147289576
"243";3440,53316940538;22388,6153953063;36;685,625773616902;64;"monotributo";587,653529260174
"244";2457,89499760429;23719,363834829;24;709,294504377907;50;"formal";866,414388622517
"245";2044,24505476518;17405,9407386845;12;692,889591609421;33;"informal";1282,10959893248
"246";1510,792712792;21348,7134655474;36;635,155324392594;30;"informal";565,079216934513
"247";1763,82073639964;25426,0125032367;36;671,21835897531;26;"formal";637,058249517313
"248";1961,39031419544;13946,1118699357;12;633,697389775356;45;"formal";1097,20333502653
"249";2737,79289090569;12659,7315082533;48;434,746201287773;46;"monotributo";292,128042387846
"250";3142,303988766;24733,4550608622;24;611,403455283359;62;"formal";977,649220079704
"251";3665,97011986921;14557,0196670917;24;514,365971379989;47;"formal";634,970500047252
"252";4230,90967362037;24863,4284405372;12;655,837220677389;37;"informal";1847,54956955539
"253";1968,16976709595;25338,6427088914;48;692,634518561285;53;"monotributo";539,184882965192
"254";3411,18479529702;22433,3886722066;24;615,311948279403;32;"formal";870,638175439591
"255";2792,06646295869;23356,691110469;48;647,894483796317;65;"monotributo";454,68431934929
"256";3722,21184499452;17369,7456660939;48;572,346423457861;29;"informal";378,210685930828
"257";2444,99777264143;14788,6015032457;12;598,242467789758;24;"formal";1178,89057585791
"258";2317,01074157726;14434,3784001575;48;580,76409477701;37;"formal";333,309408012443
"259";3756,70265049239;18539,1865797591;36;859,68183961201;23;"informal";428,090649769698
"260";2616,59591418645;20089,3229058992;24;695,53707628325;46;"monotributo";792,974132007803
"261";3237,53958070096;23157,8322545628;36;597,201883428026;56;"formal";622,017980893821
"262";2976,2001279243;16587,4867216449;48;833,409813654781;21;"formal";348,145314877448
"263";3651,86807700716;25914,8426123492;12;602,901293099159;58;"informal";1983,42569711049
"264";3563,66736011365;21530,2553540153;48;663,637686291427;21;"formal";446,226795188242
"265";3178,55115006945;24211,7763015896;24;737,340060300424;26;"formal";889,798219731342
"266";2472,27764162559;17596,2777831792;24;783,661601331588;60;"formal";627,319862674528
"267";3491,70402761093;23686,1756649361;24;690,943168352116;38;"monotributo";883,198157412983
"268";1427,03396803491;5662,84163831785;48;600,977165271723;25;"formal";168,609672512861
"269";2446,68417319882;25925,6977326291;36;612,062235236776;24;"monotributo";732,88380131092
"270";2416,26932996548;21174,1766084742;24;549,4551717873;28;"monotributo";894,629328370017
"271";5423,82382391909;17615,4949230557;48;537,878217184738;35;"formal";398,285876571976
"272";2600,36804968742;20907,0398525322;24;602,449775663787;23;"monotributo";833,85566969258
"273";2362,52528101467;14311,976831468;48;650,265976490733;49;"monotributo";328,236314436766
"274";1329,40559116211;22684,2144993666;36;738,012417918608;29;"formal";564,367221394396
"275";1907,19246451412;21610,1415522673;24;542,676351490071;50;"informal";875,864080392559
"276";4140,77819523624;15568,9588270706;12;712,345243944296;26;"formal";1112,19348751182
"277";2468,82272692173;22526,0786525464;48;763,227786539365;58;"monotributo";428,715300882936
"278";1684,06938875293;14557,176945977;36;585,179921129944;42;"monotributo";421,711211764554
"279";3661,41932175852;20085,6354606513;48;669,006478411048;28;"formal";446,808615296693
"280";2636,70105374831;23310,3566568529;24;556,324316567564;29;"monotributo";932,428236502529
"281";2807,030101453;15655,3564941965;12;621,416367709226;44;"informal";1212,23757688574
"282";1996,41662626827;19559,5112695789;48;632,822067538446;48;"formal";419,117032962186
"283";2926,33590036181;8915,4496354508;48;693,16002252084;65;"formal";217,180747093581
"284";3297,84600732368;19294,6134972711;48;655,887842030736;27;"monotributo";387,525150300779
"285";4009,71972529013;22267,8865717438;12;716,88699224483;58;"informal";1598,02337034087
"286";4071,53891256341;11877,5006046544;12;708,151850078791;27;"monotributo";888,522197604615
"287";2992,89495551515;20342,8900695472;12;563,072394495017;33;"formal";1572,43622609635
"288";3349,35037787847;23563,2448624953;48;700,246677241653;29;"informal";474,328441168066
"289";2605,88132557758;22209,5225011099;12;610,505891375367;54;"monotributo";1719,79014374556
"290";1980,84926532057;23242,5453506889;12;583,026058725496;41;"formal";1788,60636061877
"291";4130,36116308891;11883,3639120661;48;591,182675440323;29;"monotributo";230,031129214445
"292";2613,69768017694;21786,9355703207;12;529,882797901026;21;"monotributo";1762,56974230133
"293";579,233949557713;19130,3406069916;12;688,179601690999;40;"monotributo";1437,18009905797
"294";3276,91450506796;15196,6963215223;12;821,316628128125;48;"monotributo";1043,92417598706
"295";3146,98656034558;21182,1043652051;12;620,934251496609;43;"informal";1571,67210387643
"296";3544,62037897454;22019,5898141419;48;541,465352067977;54;"formal";496,711724802475
"297";4665,7293834476;19647,5399269675;24;591,673496260727;63;"formal";807,160399122487
"298";1322,34184822932;18051,6828454176;12;692,424515770093;51;"monotributo";1339,52882323135
"299";3233,33237300841;17889,8799301922;36;580,105974456887;37;"formal";494,17508316343
"300";3307,33767989247;28046,1776352285;12;672,92406484504;50;"formal";2034,71682578261
"301";1937,71545949399;17505,0231635349;24;612,538110420442;63;"informal";706,591138323973
"302";2288,50333947922;18182,3423489617;12;752,412190934602;42;"monotributo";1286,34500902136
"303";3501,58163820589;18457,9420952736;12;609,035392496291;62;"monotributo";1418,24710927469
"304";4078,60830394552;24500,9239626828;36;652,303324379524;21;"formal";639,970131310151
"305";3352,2343408669;24019,6768936215;48;655,543735043052;27;"informal";480,990795368165
"306";2853,75475624213;23330,1182888078;36;773,913201899177;59;"formal";556,10464458061
"307";3454,12216874706;15659,8313631454;48;767,594178117848;54;"informal";334,544866308399
"308";2371,89271979727;20796,6291036716;12;760,079275155359;31;"formal";1496,82302059172
"309";2156,35929254099;16806,0678502161;48;739,682370990589;47;"monotributo";362,007252818997
"310";3240,82271897067;22779,6736192468;24;513,827918171955;62;"informal";912,094717928953
"311";1835,26018515177;15172,2467795753;48;669,264854663832;43;"monotributo";296,891217934338
"312";3039,17483869267;18019,238774688;24;599,677811730635;30;"monotributo";720,657222897034
"313";2469,22399526379;19262,8578296529;12;628,39638077271;52;"formal";1440,11563880141
"314";1866,1553863895;23537,600222912;48;702,140890062549;59;"informal";460,457873230408
"315";2412,44697045558;17489,8459094073;48;653,320769410137;63;"monotributo";349,336207314749
"316";2537,47817354488;19380,0895874617;12;731,684800330578;53;"formal";1396,48684986561
"317";2015,83241741267;14560,4373743855;36;594,989645032454;30;"formal";385,696675843929
"318";2913,24229515748;19324,3333005764;48;622,187350561081;52;"formal";404,439218001375
"319";3202,75768143131;18103,0640749049;36;602,649714916078;24;"monotributo";455,579219594847
"320";2749,84803220059;22395,8834718449;24;502,414111264867;40;"formal";939,906459292208
"321";3755,79165509855;16769,0671621906;12;581,532608873218;58;"formal";1291,99684786146
"322";3398,52853297621;19783,3359120787;48;608,495810870621;35;"formal";401,781685302796
"323";2484,01678158481;14421,9069446465;48;666,396592245776;48;"monotributo";294,31661166473
"324";3695,85611657083;24282,0659073637;12;474,144246501082;50;"formal";1973,19726630135
"325";2356,83898197879;13499,7170223809;24;626,25712029075;43;"informal";559,828399144004
"326";5295,66233818749;15005,901801085;36;600,27161989245;47;"monotributo";409,17873894824
"327";2672,18275615389;12891,3444803995;12;602,988930399184;55;"formal";1060,22458961797
"328";3521,51935757105;22670,106470888;48;671,870553600054;30;"informal";452,596639107285
"329";2184,06031391761;17032,3581558079;24;684,186202908425;54;"informal";666,908936414269
"330";2921,6833444526;9779,9558654189;12;678,905456128757;34;"formal";732,817286424158
"331";3806,025496998;15566,8329370144;12;487,71864222199;59;"formal";1293,9720825555
"332";2854,70551216258;12142,7462813384;36;776,658425562946;24;"monotributo";375,055546473723
"333";3595,83858283855;20642,926738855;12;638,124739079025;49;"formal";1557,30331495206
"334";2124,41627428077;20124,0628174222;36;666,59420608501;61;"monotributo";529,65844814121
"335";3066,53943406988;23117,1385830784;24;620,522294905965;62;"formal";920,824559133125
"336";2792,11274240425;19071,1086841046;48;601,913811129099;61;"informal";413,297052646882
"337";3601,7462144562;15276,7049122949;48;730,948799927532;33;"formal";354,248673959915
"338";2526,54714390611;23953,4908262895;48;706,25230330565;62;"informal";461,685299108239
"339";2629,09573810485;14621,2384043939;48;756,932280598479;63;"monotributo";299,40299894105
"340";2924,42551455269;23217,8447005946;12;733,400568172344;63;"monotributo";1688,45196458371
"341";2341,49932602253;17103,9599333703;24;460,162795448029;32;"informal";725,217081146915
"342";3815,11368159007;19415,3933476375;12;590,712464164038;44;"formal";1542,36165801652
"343";3324,63496949995;16479,5819049656;48;562,381447567919;44;"monotributo";402,648411480027
"344";2551,35530093289;24467,0689544814;36;675,98796231826;53;"monotributo";622,811466386821
"345";2889,40732747427;13760,1541529859;36;743,172069613117;29;"formal";368,766128991045
"346";2697,45839801277;17407,8441290997;36;600,253044042471;62;"informal";507,822044062063
"347";3379,93112552768;21520,7121541343;24;676,483640533261;49;"informal";846,398788490007
"348";2190,51845608097;19006,7380718746;48;867,139232693474;54;"monotributo";371,548600320581
"349";3704,3693820589;19448,6622714034;24;707,53861670515;30;"informal";754,693543968013
"350";3044,49255751182;24892,5911686518;36;615,131169195513;58;"formal";700,427410356082
"351";2797,68590737251;15515,3987881667;24;544,927049589754;53;"informal";656,230446659588
"352";3255,38693131126;17730,3704853349;24;557,198790216979;54;"formal";707,266984927325
"353";3480,36822564219;12190,3282589359;12;625,216637500275;51;"informal";957,38421289743
"354";2329,0969060071;26591,5642199597;24;665,440907194867;23;"formal";1002,01989538332
"355";3656,25844524643;28609,6925207355;24;617,074792870857;25;"informal";1075,43760747286
"356";4659,9824469768;8561,86688918995;24;627,00291866707;38;"informal";390,094696194256
"357";2290,43140103855;12942,907011918;36;686,624061258072;65;"monotributo";312,007569978823
"358";3625,42831937772;28796,098017242;48;631,664933604537;34;"monotributo";559,552170661398
"359";3685,99044174374;23406,8605695679;48;682,931284477627;24;"informal";474,670871404717
"360";3880,7408476949;16478,5642923549;36;657,458622151885;52;"informal";441,600508341903
"361";4289,53595789022;27362,0808720143;36;741,461545053279;53;"formal";709,420277020378
"362";2288,43732355191;14965,7291998251;36;633,570838275382;59;"formal";426,65915146373
"363";3761,5899792947;22333,2786525382;48;737,169352859867;46;"informal";438,153340934057
"364";2243,91313598698;11270,9681192132;36;750,100344916319;38;"formal";313,761071467842
"365";4054,2551513078;25831,2569207826;24;591,129991768682;44;"informal";998,084520538306
"366";3069,06883645867;16033,6028173302;12;682,616620421924;46;"formal";1192,30700548803
"367";2252,13209411875;15646,979009796;24;557,648076451355;40;"formal";641,119838802128
"368";2548,71925819237;13606,3720819124;48;618,173976102586;61;"formal";284,527669120314
"369";3707,46914515762;9787,77183606361;48;634,848755901375;50;"informal";216,505085329065
"370";3805,81083005513;21350,6770679606;12;567,297649274852;65;"informal";1708,68662166654
"371";3744,75020441828;21293,2293405286;12;590,204100183488;27;"informal";1661,1732016272
"372";2886,6400114698;16232,1004879546;12;705,244661761241;24;"informal";1162,00494761039
"373";2659,5996507516;18998,9839740439;36;674,95610503208;44;"informal";495,437555808366
"374";1910,57427914614;22921,2824892142;24;589,760937279243;64;"monotributo";921,584259180895
"375";3344,84173814751;20082,9151600383;12;764,031375886487;33;"informal";1387,82779340769
"376";2616,96619640938;19477,0241641233;48;674,986153450724;30;"informal";419,222081040192
"377";1993,07920860851;10248,026005329;24;625,558009799981;30;"informal";422,750524017372
"378";3940,02572656713;20686,3098553014;24;597,14814064113;28;"formal";826,752199737337
"379";4522,880054071;26587,7467761541;36;679,722042842649;42;"monotributo";715,745671467392
"380";2738,81763895223;21370,4038345767;12;599,787053218334;26;"formal";1639,2434214284
"381";2870,90363384298;24347,8613171607;24;610,699503736997;44;"informal";991,041896538331
"382";2173,91662123781;13577,8926965159;12;570,952135748814;61;"formal";1061,37626474145
"383";4497,348701395;10998,0809139311;36;711,949269771133;61;"formal";294,91986624053
"384";2351,8314677116;23031,672109308;36;597,802946143877;22;"informal";634,562709193701
"385";2505,50494167549;11452,0494401461;48;597,760474532266;53;"monotributo";244,320077960797
"386";2382,85913343446;26130,431710725;12;737,705793968281;47;"formal";1855,96475477802
"387";3736,08193512954;19519,4402741519;36;619,734630670805;25;"monotributo";544,695618945311
"388";2744,26472956733;16642,6910099362;36;728,894408888712;31;"informal";444,067322110927
"389";3457,79409325843;16846,6750455911;36;598,281446378991;48;"informal";456,218261653256
"390";1723,09041822458;19821,8731023865;48;554,107212860047;52;"formal";428,952807452224
"391";2882,59827016875;25294,093034826;36;620,379946684867;59;"formal";657,853941842952
"392";2336,18642858902;22696,6343061494;24;647,617290035881;27;"monotributo";836,675781090788
"393";1699,56975814101;8246,34929041702;24;571,942109127192;59;"formal";380,836626274424
"394";2003,75026105289;18743,8165949767;24;593,640957952948;28;"informal";731,389126313871
"395";2287,93070935783;18642,4919158683;12;545,811148623369;49;"informal";1492,22948606975
"396";3105,51708268631;10819,7275434046;48;518,381837353888;32;"informal";271,063709427803
"397";3338,55886701136;23854,2519948959;48;661,984941927942;46;"informal";508,446050626326
"398";1861,74243934814;18535,1860319472;12;691,717019205296;53;"informal";1366,93897958824
"399";2866,01269687612;18719,0101648053;12;559,049163851286;46;"informal";1476,74557411219
"400";2368,8959283189;16366,0432846265;12;684,862205232342;53;"monotributo";1207,92184973296
"401";3914,71315604176;16064,0247013257;24;451,330111864774;47;"monotributo";688,895958432872
"402";2864,47719065889;22188,3571305051;12;702,032050447852;23;"informal";1612,29829581843
"403";1921,85847265405;23111,1045381013;12;744,280664137784;39;"monotributo";1663,89504448922
"404";3572,17448079923;28381,5442349126;48;687,754654554636;52;"informal";530,066022884779
"405";3018,23682663499;22084,7884763695;24;709,806276075167;61;"informal";822,069985650522
"406";2270,65349246436;16794,1676937688;36;749,5572937927;39;"formal";499,24357207468
"407";2806,13787297466;21986,3751183738;48;674,672188661043;61;"informal";457,696372167224
"408";4419,4565966668;16471,7956528903;12;646,685824140303;37;"monotributo";1302,13601454576
"409";2933,25241479627;18495,2089400443;48;672,251357651707;60;"informal";409,848114351345
"410";2501,58448133355;24608,5592097164;48;494,618417103746;59;"informal";510,367438711443
"411";4336,06744881632;25195,0996299946;48;712,07360403168;53;"informal";486,467883967042
"412";3306,54220295726;10755,8741569352;48;660,639255571932;62;"informal";258,496808456578
"413";2102,75409957254;18126,3179971269;24;712,459731915178;41;"informal";697,614171524853
"414";2752,63317352385;11783,9692623254;12;660,490010187397;46;"monotributo";875,355535930168
"415";2927,82119890585;17712,1231854867;24;619,402540808484;38;"formal";711,889734726619
"416";2679,80969480644;25193,9496190063;36;571,033670475706;63;"monotributo";700,152529243061
"417";1966,91156069055;20488,4510515622;48;716,872792528551;27;"informal";404,231929449531
"418";4148,26733230822;22820,1004339515;12;743,233562077253;25;"formal";1596,65428961871
"419";2266,99655650846;16776,710081746;12;504,96054499828;38;"monotributo";1374,65538599583
"420";1283,79037646449;21219,7536129154;12;658,597626728056;53;"formal";1601,75369563801
"421";3710,68285485798;15709,9684547978;24;653,869851483205;59;"formal";613,069165925139
"422";2606,40288522294;22914,7051996078;12;690,10818508534;32;"monotributo";1686,65046218618
"423";2686,69453282767;23260,812905276;48;727,693245931336;44;"monotributo";448,072319992044
"424";2219,04108760445;29347,6287780291;12;608,802687083645;64;"informal";2295,9792091817
"425";3620,87887110025;15592,857390874;48;717,021161118833;61;"monotributo";310,128800077731
"426";3738,45289935615;19763,1634995163;36;735,007117792489;59;"monotributo";498,671590035962
"427";4483,40097018917;23133,5397189864;12;695,633905182029;30;"formal";1698,8855225277
"428";2519,12149416379;29851,2751623979;36;660,325921217464;44;"informal";774,311993606185
"429";3168,2561958165;15016,5528340989;12;651,724814875505;43;"monotributo";1139,63191112413
"430";2689,60668917217;22416,4215061244;48;761,774111557666;54;"monotributo";451,127948125611
"431";3091,91659995832;17810,6429941825;48;620,085034480472;49;"monotributo";396,722732508415
"432";772,796301846204;15821,6277737971;48;741,684607373973;22;"informal";331,768270686166
"433";2446,41311457365;22106,5451907046;48;530,384922426331;49;"monotributo";481,874693894615
"434";4143,66903694976;19720,016002543;24;553,082176757238;55;"monotributo";782,17238712404
"435";2336,43088295479;23236,0193033591;24;725,793427693845;30;"monotributo";850,801473406053
"436";2673,28976292786;23015,1835444307;24;650,483379492058;57;"monotributo";888,974988238186
"437";2424,91882995614;13028,4125839209;12;685,048738827366;47;"formal";974,053758902809
"438";2103,41713059312;23391,4223071762;12;551,741321085635;37;"monotributo";1854,12546991972
"439";2646,24080968239;18397,0879721684;36;705,766245832158;40;"informal";450,96901725904
"440";4113,96119514262;10746,1339482734;24;637,816816096753;26;"formal";458,050146159941
"441";2175,06555893285;21420,2658153368;12;649,268680999108;54;"formal";1621,19993254805
"442";3901,58435153728;20586,3415043062;24;647,705379166994;36;"monotributo";821,550118921747
"443";2820,26728351092;16198,1396547801;12;453,562496379635;26;"monotributo";1336,47339844988
"444";3091,63969281408;17683,622649665;36;873,169215184077;33;"informal";437,981093420453
"445";2746,65870976704;28966,7298910789;24;681,18532434245;58;"informal";1068,81728042815
"446";2780,52010717171;17567,2723869104;12;743,613070263158;37;"monotributo";1265,29642086878
"447";4769,58787112128;30253,0516052674;36;640,537587753409;58;"monotributo";778,125859034562
"448";2265,43448601823;28231,3735294827;48;502,433458893709;51;"formal";628,003356493953
"449";3877,40223631991;22259,1286143187;36;587,599543891507;46;"informal";622,719967730366
"450";3882,86408551988;18121,6134407194;36;608,150598946856;46;"informal";498,460281970358
"451";3358,70858681382;19075,9395864102;48;646,589087762195;39;"monotributo";434,685308928338
"452";4066,8916027036;19045,7158498341;24;666,781178236611;53;"informal";738,883344361643
"453";3692,38519904344;20859,5137129348;12;672,856799099694;60;"monotributo";1545,17791833924
"454";2895,99447080012;21915,849935746;24;742,316610180651;60;"formal";816,983316166817
"455";1078,35206698714;13280,837621488;24;637,253251166652;39;"informal";555,609243260027
"456";900,027530774843;18184,9400064686;24;613,015560331821;40;"informal";734,408016033118
"457";3184,00710970851;28689,9513048804;12;616,398175122848;27;"informal";2198,31758964501
"458";2800,6021817865;18680,8819292629;12;780,526566787575;21;"formal";1333,1423277019
"459";4448,69963490067;22051,2251779802;12;458,66382764203;42;"informal";1854,96483248126
"460";2139,93059067843;30786,5019883022;24;730,50250923464;55;"formal";1107,11391331156
"461";3484,10546690232;15262,7483054659;12;570,74409920662;63;"informal";1229,12989413716
"462";2908,17333500911;16673,7993976501;36;699,582679690952;24;"formal";440,366737591966
"463";2149,02054123722;11346,0399238365;48;599,955959687479;30;"monotributo";259,646090803026
"464";3664,74308848782;24956,8363230379;36;757,594353509683;22;"informal";608,768204730993
"465";4539,67507688827;19033,722208895;36;613,676787755144;34;"informal";514,628036783087
"466";4820,9679594498;24610,9646141648;48;748,347876625397;35;"informal";494,970789753248
"467";2838,7140307895;22950,2061251645;36;709,694053111897;37;"formal";584,180490216426
"468";3064,3696694431;8235,50767649783;12;572,727481678856;39;"informal";665,201555320011
"469";1880,30596591368;28482,7725680832;36;605,323295334206;26;"informal";756,872917193348
"470";2390,71698056665;14503,9042709794;48;648,497816205071;30;"informal";306,633406518472
"471";1923,796233162;21333,624679536;12;577,495011849583;36;"formal";1657,49888316164
"472";4291,79613940297;16777,7586526874;36;770,921829378768;55;"informal";455,364351594621
"473";2901,86034381111;22853,5563504589;24;730,848517345525;37;"monotributo";821,834091665474
"474";3744,51034466586;21292,3225277112;12;610,465961599998;33;"formal";1628,56386510875
"475";2829,67318995229;27509,1617121843;36;700,818091157657;46;"formal";726,43357063077
"476";2645,65973030556;19625,1114427647;24;624,584167301397;45;"formal";774,9257309073
"477";2971,66685686638;19669,6787333724;12;565,716726735591;39;"informal";1566,46319532116
"478";2075,86814285894;23198,3838347502;36;783,551810655904;57;"formal";556,757075772286
"479";2391,82806494532;18847,0490690878;12;725,474808499959;31;"formal";1336,2429888855
"480";3560,76657918608;21433,1844860832;24;629,683207774012;59;"monotributo";885,14268079366
"481";4083,1676214034;23619,8199859088;24;360,474624783808;37;"informal";1064,30852906505
"482";1910,14532208513;20259,0580506522;48;568,426850198209;63;"formal";428,119567921223
"483";1816,38419185784;21603,5110128994;24;675,188070482673;58;"informal";798,409883994554
"484";2590,12466052278;14809,1901834347;24;761,206267863662;42;"informal";570,922755743128
"485";3232,25030889553;24132,2258876797;48;630,297259384723;45;"monotributo";495,854116785393
"486";2748,28441359501;33563,6699330741;12;598,846162409536;35;"informal";2560,35889118489
"487";2596,203251613;17026,1998545518;36;757,069758556275;40;"informal";438,141974968349
"488";3158,86580115172;23338,1358734594;12;661,339186547258;32;"informal";1765,1877091805
"489";2449,64739000913;17059,8486646676;48;711,503828049505;38;"informal";361,328579980951
"490";1748,06502116142;30723,2538281794;24;579,536164672916;26;"formal";1229,03586321904
"491";2940,79646991019;14083,7553126105;36;663,266203199251;38;"monotributo";393,495933959731
"492";2756,74846418098;19903,7295883851;36;596,114128076869;42;"formal";515,806415505722
"493";2079,70409264933;24641,4663465469;24;594,285497684519;53;"formal";982,335654421286
"494";3497,69212495139;28114,9032464749;24;482,838611880221;62;"formal";1177,63608838821
"495";2614,65142118477;28906,7386804684;12;617,043163659654;29;"informal";2189,94810767478
"496";2417,85556322211;22388,6500490092;36;670,372242245965;48;"informal";583,718682497366
"497";3010,07809553197;16993,5932174255;48;578,522412361451;43;"monotributo";346,602682466027
"498";2410,94625963465;21442,3394075454;12;584,439381251091;51;"formal";1657,14342012791
"499";2638,58010298561;26540,8573088608;24;719,92761873946;44;"informal";978,623658344407
"500";2760,91259462268;21734,5678829867;24;616,219519481985;36;"monotributo";836,786479023122
"501";4822,30289461787;35936,3779159741;48;617,313749744311;53;"formal";747,666427880274
"502";2718,38215115145;8858,80631112367;24;703,569800145053;43;"informal";364,048452537868
"503";2222,14314013078;11714,0880850467;48;606,904468933734;24;"informal";280,937967993016
"504";1558,1408278504;20319,0828387543;48;632,961905918582;36;"monotributo";429,059642304614
"505";4058,96171218807;24420,8358440469;36;651,037752490694;45;"formal";667,351708950836
"506";2736,38408677596;18831,2314032944;12;520,979749559044;60;"formal";1563,61279499624
"507";3317,75462572342;18542,7689878932;24;652,976796410946;47;"monotributo";755,975683665628
"508";3901,90012906274;15876,064192963;24;651,406477260717;55;"formal";619,081505769135
"509";1983,07073502399;14747,564372934;24;539,096358347401;39;"informal";650,742238089209
"510";3332,34021632658;12263,5208455601;12;575,178411958736;39;"formal";988,639687591351
"511";4151,5140968032;18461,0315715928;36;838,043892561427;37;"formal";456,150677340507
"512";2976,85434026973;10948,8217683165;12;621,308488020997;39;"monotributo";861,105908718869
"513";2046,60425593588;21733,0388678484;48;799,720354472733;28;"monotributo";405,852914482991
"514";3560,13483675492;20014,0672202579;24;650,707862355761;47;"monotributo";775,189969102352
"515";3068,69865582794;25686,9571836885;36;464,886308120786;23;"informal";734,295783288317
"516";2506,86438101618;18608,6712408643;36;587,18213669183;44;"formal";502,385271293845
"517";3279,73837562855;11580,8329449684;12;813,083904212603;34;"formal";831,868345764261
"518";3850,86956680335;27459,7265631163;24;593,47742294109;57;"monotributo";1035,29555464435
"519";2881,9163064794;17641,4389052507;36;637,708670024934;57;"informal";476,905949889533
"520";4981,93784888256;19552,4431569674;24;735,551918675562;63;"monotributo";727,197239440105
"521";3189,40616847768;22236,9596255694;36;593,131278083236;38;"formal";593,016923907963
"522";2594,4230366934;17176,4683939504;48;692,678626511827;50;"monotributo";377,488097378596
"523";2994,41537192435;16523,1886802998;48;740,711206023675;28;"monotributo";333,353070321878
"524";1896,56330301576;18639,8413455205;12;598,046362177524;41;"informal";1479,29035545309
"525";3291,81295871198;15481,0505786149;24;663,44960956323;64;"informal";599,604308162077
"526";2153,32808155029;27309,0251982608;12;612,232492084218;22;"informal";2135,53725981616
"527";2780,13043749987;20504,6563412728;48;726,42052240775;37;"monotributo";400,130802265824
"528";2725,40001845979;18135,3239760813;12;660,921867660778;51;"informal";1381,57714213184
"529";2836,22868215399;17091,2838457719;12;599,722165517053;65;"informal";1312,97020019845
"530";4008,46677011595;22535,5824107261;36;773,188834140042;64;"formal";549,597765550235
"531";2674,53240917377;21791,7829678412;12;653,995796284297;36;"formal";1627,45021621252
"532";4087,5664368439;34185,6226568666;24;739,752198192811;35;"monotributo";1224,86696472242
"533";4144,44865898;23643,2486771886;48;466,231655754444;56;"formal";527,413965820054
"534";2994,15665613197;19500,7094866808;12;566,31225478863;51;"formal";1527,34923641159
"535";2022,77591258696;24470,366126342;36;635,984727298306;33;"monotributo";622,329899305409
"536";3137,87902876315;21514,7858644226;24;732,377807513966;58;"formal";813,801135960053
"537";1748,37985265437;25717,5382112101;36;648,208958875982;65;"informal";657,277959296611
"538";2511,30473528504;13865,3969754545;36;727,089394563107;37;"informal";373,840529760861
"539";3287,6523136894;27122,5920994098;36;587,637302026843;57;"monotributo";744,112626718493
"540";3044,73206942742;22792,5840351442;36;513,903547491476;47;"informal";642,395417720008
"541";2307,05668145328;27264,2836828433;36;699,745167773183;56;"formal";688,606381355472
"542";2866,74857672543;18419,1009329711;36;556,231747857308;33;"informal";478,695521761916
"543";3043,48838803277;24476,4722926303;24;612,855749293643;63;"informal";971,254919336852
"544";2220,3556840655;14707,649366336;36;651,998373228336;60;"informal";405,384593668046
"545";2957,86907049932;16989,8172927358;36;750,813056844595;37;"formal";454,290410449184
"546";3458,89628155168;20693,2851804367;12;692,06216148102;28;"formal";1522,61040739364
"547";2982,55756926916;21134,9602910446;36;666,844644589019;38;"informal";541,594461314863
"548";3585,55579529673;27711,5449020402;12;604,101498681772;50;"informal";2144,63657367511
"549";2205,79439910626;20247,7728065086;24;530,895091015327;53;"formal";858,314105968639
"550";2902,25242614384;21015,1543256294;12;720,347721692858;60;"formal";1543,52296996538
"551";3883,92695006528;18779,1193179303;12;587,238980499111;57;"formal";1491,04857686468
"552";3292,61138827245;19538,6522899676;12;714,507395308753;56;"informal";1418,78761034935
"553";2767,64342394298;19928,3958856586;12;713,690781244894;26;"formal";1450,18279044503
"554";3041,14202791589;18884,0640168275;36;573,981870226177;39;"monotributo";525,822599659507
"555";3058,03560184815;19938,9980331535;24;706,923145917017;35;"formal";800,086774393311
"556";2541,04892675247;19923,7127335665;24;752,11043473099;62;"informal";745,0231295775
"557";2740,39444086283;16659,7537456036;12;677,847344453153;56;"monotributo";1210,43839627807
"558";3147,15004549143;16836,5345996852;24;805,204678152631;21;"monotributo";624,57186783987
"559";2940,6506663728;12675,5769063398;12;774,582208724151;56;"informal";925,076368453391
"560";2250,85449611056;25250,9771263792;48;582,237691786979;49;"informal";528,816705162766
"561";2303,77062739135;24590,0215214859;36;494,175539725549;46;"formal";703,34937461534
"562";3932,19399718665;24644,4983496056;12;675,462795594421;62;"monotributo";1855,05834164886
"563";2670,72729951491;25398,207775325;36;594,080853057402;52;"monotributo";688,422597344403
"564";3493,82208077309;14714,6930006307;24;733,408458378185;51;"formal";559,593788912625
"565";1425,15559265017;19540,0868652996;12;591,651336466953;33;"formal";1485,42424985596
"566";2721,93150472757;27835,885293023;48;521,522511408766;50;"informal";615,714541284085
"567";3841,52915040099;32491,0591931729;12;612,65364866577;29;"informal";2498,04802826381
"568";4505,7354182182;17564,6981509526;12;657,700956320183;47;"monotributo";1341,91526329903
"569";3658,3665749394;29837,2252092012;12;634,006656062181;55;"informal";2256,86133849665
"570";3595,70134540783;21493,8531646;48;616,270288518166;41;"formal";431,308299677334
"571";1545,46027783236;24997,4331329904;48;598,204640059297;43;"formal";501,507119974586
"572";2455,59772401329;22863,2551965654;36;698,683220819665;56;"formal";566,726313839936
"573";3881,50103798992;25907,2217650899;12;633,356745013326;24;"formal";1995,61083928875
"574";2251,98569250391;19382,4486223159;12;691,749249057354;56;"informal";1436,81732400869
"575";2463,50021870758;11643,8745324766;48;744,724645070837;38;"informal";250,565602269874
"576";2037,88726859994;23240,6487594512;36;669,907977258628;21;"informal";610,856928065066
"577";3661,57841422851;29943,367038553;48;713,999123794159;32;"monotributo";573,728850070348
"578";1681,94994642253;24725,9368630462;12;799,583477867373;53;"informal";1709,24323455536
"579";2271,32721936579;21863,4920466811;48;578,41998237022;47;"formal";456,175670272087
"580";2057,44974760285;15849,0665320785;48;481,603238253414;53;"formal";384,478556333566
"581";1987,35528526153;12610,0798593892;12;519,992434471965;54;"informal";1041,15858047345
"582";3397,9307084325;18849,7016557329;36;678,949962928153;64;"formal";506,506357700496
"583";2465,56605990535;21064,234759845;12;688,918220890867;56;"informal";1548,70886727177
"584";2116,39980144693;20383,7894011952;24;622,797157858084;53;"monotributo";808,210737512164
"585";2696,47541853663;21861,2118967415;36;544,070297447542;21;"informal";608,139230573412
"586";3915,86767054254;23851,6203051777;36;641,094320521342;23;"monotributo";627,273712318633
"587";3666,98404438594;21335,4730997668;24;647,138927513005;58;"monotributo";821,01688572204
"588";3364,90391520497;15503,9028947255;48;550,95006898548;61;"monotributo";355,819221649953
"589";3344,44934619648;27493,90548492;12;644,676622434485;58;"monotributo";2039,94297884684
"590";2792,04000745232;12822,2956797234;48;762,15016209616;23;"monotributo";307,578953934732
"591";2473,00076321051;14413,395765068;36;760,228626425235;30;"monotributo";365,36194250297
"592";2002,12405711522;13418,325763522;24;599,585596134894;42;"formal";556,972639564315
"593";2542,40328389316;22451,7502431149;48;652,127024602502;39;"informal";481,996473793095
"594";2880,58772575263;25184,5748980542;36;647,440710153928;63;"informal";657,808386141666
"595";3447,60883405546;14391,2970024665;12;749,476468965787;42;"monotributo";1036,16215031193
"596";3149,17421323826;26387,7636371596;48;567,487014012614;39;"formal";580,326307850425
"597";2904,19986282815;20665,8638969608;12;668,72002223653;39;"formal";1540,3976057837
"598";617,601405098508;18706,6311023606;12;740,595298411493;26;"monotributo";1363,21412154178
"599";3328,83033400803;26238,2336846421;24;631,677734439831;22;"monotributo";1033,00554244414
"600";2946,35121409868;13475,6652912378;12;690,860739262437;34;"monotributo";1017,26964481743
"601";3056,20853510592;24921,7622117314;12;566,56836155652;26;"formal";1931,08513454115
"602";3162,0454760331;11093,3423846457;36;765,111792616513;47;"informal";298,664477111116
"603";2387,23719172382;21624,4591176247;24;489,95400934123;32;"monotributo";899,132336303026
"604";610,481641795464;19336,4691868817;36;669,236080351175;57;"monotributo";504,816141780495
"605";2907,2871811006;26786,1280227344;48;654,336377160676;61;"monotributo";511,305339519382
"606";2813,84663071787;20047,1257843492;36;505,66490082706;61;"informal";600,263289867728
"607";1480,02128299225;20890,3364424231;24;692,456330123169;27;"formal";800,237872317982
"608";3853,56182163637;22097,2155862306;12;549,587969754985;23;"monotributo";1792,05220126658
"609";4003,01314925345;27534,1096715284;24;691,903823215844;33;"monotributo";1008,38371962078
"610";2296,42452151837;19168,6604352602;24;655,396777098695;64;"monotributo";766,992564638983
"611";2496,59990289188;18685,7525926289;12;659,876310457272;65;"monotributo";1372,09418365011
"612";4592,22440449689;17698,9263094177;12;637,049339757032;23;"formal";1367,47150830568
"613";2722,12062312523;15015,0497889539;12;703,608432792281;41;"monotributo";1146,41838346872
"614";3179,38764625824;15777,4325884683;24;676,028151620637;29;"formal";611,200401988173
"615";3171,85229530662;20325,9886976553;36;470,62767205255;59;"informal";620,247690547518
"616";2706,53668092554;19194,7610021997;48;621,043188932402;49;"monotributo";398,324637939758
"617";2900,67055158264;18605,0816098417;24;635,584945388298;58;"informal";730,69242306066
"618";2917,25009020149;26668,7579125592;24;555,677651705612;51;"monotributo";1074,35831231139
"619";2559,11342049024;24311,7806288046;12;701,477836852352;33;"formal";1757,30702639886
"620";3020,35007864035;25953,6321892182;48;643,576359240974;43;"monotributo";578,155987966958
"621";3958,29627273161;20651,3916340877;12;609,666189005178;30;"formal";1574,58649379187
"622";1107,85998831763;20926,2868147753;12;727,988125990597;56;"informal";1537,96153317485
"623";2882,80819778479;21181,3751193228;24;669,34151863485;52;"formal";812,62039276043
"624";4380,45745342998;19798,1983728017;24;645,617126860299;60;"informal";777,140637192582
"625";1924,02240019262;17733,6707980307;12;560,14829740607;32;"informal";1393,35361317039
"626";2541,63257759817;20237,8830890898;36;680,565349467776;62;"formal";538,023938203343
"627";2085,99849013292;23259,8352647164;36;596,917309455461;35;"informal";639,893894719957
"628";977,566454882446;18549,1948998326;12;644,493879910029;62;"monotributo";1421,27643610002
"629";1234,99096492268;13843,7256560482;36;818,691295522308;55;"informal";352,825835430159
"630";2812,65258594406;16211,3607768066;36;586,860817315195;21;"monotributo";494,083145216052
"631";3794,30268229722;19805,1918024463;36;718,735033600232;53;"monotributo";529,505723986211
"632";2417,33685708804;19187,4731053506;24;594,915445518986;37;"informal";850,940401583401
"633";3439,82812978417;14528,2209673737;12;643,16217249404;37;"monotributo";1126,08046330936
"634";2292,2630588804;21481,8323266549;12;682,482464888142;38;"monotributo";1581,53330659747
"635";2975,33774549221;18152,5958856813;24;751,877114505013;27;"informal";675,666317103182
"636";3900,90406464079;18270,7579737546;36;667,504345150943;39;"formal";481,868511875959
"637";3288,85284202737;19432,4889589716;12;721,923579191733;57;"informal";1427,38924081654
"638";4055,40670176114;12296,3346632166;48;583,270966282741;32;"informal";317,408376681085
"639";4769,05725325838;15192,2511313964;36;622,244528058782;28;"formal";487,687461368374
"640";2284,65215433341;18359,0447579475;12;511,500926698012;54;"monotributo";1457,21682227973
"641";3532,8279624622;26469,8752060851;12;605,022956909261;49;"formal";1993,2408995585
"642";3078,96357902651;14026,9060337517;12;564,747128263349;38;"informal";1111,41252174322
"643";2164,01019558491;24438,4841160551;12;772,029027539357;59;"informal";1747,15408637775
"644";2526,38606963225;28071,2154711057;12;431,919194165632;51;"informal";2350,12830792377
"645";3963,44925380902;19015,1464611562;48;635,345748361554;40;"formal";405,629566903602
"646";2004,51994797823;12536,3825113108;36;733,214599870506;50;"formal";315,930219196357
"647";3386,24812186532;15882,719771516;12;617,10938994738;40;"formal";1227,35036058024
"648";3152,41626166986;22142,1618956322;36;484,144655395565;62;"monotributo";614,205240478449
"649";4061,08921333988;10853,2251482626;24;609,725386536304;23;"informal";448,449566104364
"650";4276,44637074337;13636,6176997033;24;717,575331609038;45;"formal";510,388196950678
"651";2495,39787575248;17447,7644111109;12;618,556856649637;49;"formal";1352,43888554805
"652";3933,40181550948;15450,3240983547;36;709,221352116528;42;"informal";392,255348221676
"653";2474,21122954535;8346,35867213532;36;616,971960112693;54;"formal";286,763741764002
"654";3414,35759397916;14571,28782911;48;629,821298651703;61;"formal";282,845421658259
"655";2820,29798601876;14268,504464859;48;650,297999894588;32;"formal";300,36599092159
"656";2680,48530763217;20163,5174769671;24;712,875933773753;56;"informal";775,217495741425
"657";1434,46793667854;22049,9117262972;48;525,648451726587;42;"monotributo";485,224562844401
"658";2677,7777237098;19983,5769986236;24;591,666881814959;21;"informal";809,688575606668
"659";3115,13021027866;24775,7703888818;48;662,644964824649;64;"informal";510,222489818428
"660";2828,59057850806;23401,0185482558;36;660,188292609252;45;"informal";589,152192534146
"661";3118,63550833723;23944,7788155472;36;750,265085486299;36;"monotributo";580,143187162443
"662";3646,70399238802;14295,9267111514;12;715,075900182273;46;"formal";1068,18805929874
"663";2929,8844095776;18341,3591643055;12;407,490694652562;32;"informal";1572,05579218217
"664";1617,42179165383;21040,9462364914;24;479,2400565684;44;"informal";887,025638615798
"665";2726,59617745982;19151,1111460741;12;633,925365719345;34;"formal";1489,4497972439
"666";4340,56032957816;20349,2839761275;24;643,947164411356;32;"monotributo";776,952544252828
"667";868,489265364172;26635,2462589373;24;473,729647319444;35;"formal";1110,16711384232
"668";1436,0395420941;18898,8770284428;12;706,720793788174;54;"formal";1381,97275110488
"669";2485,85139315705;18529,3492724382;24;728,28599090888;47;"monotributo";687,1506561789
"670";3807,97929391392;18999,9241924359;24;625,534249717089;52;"formal";749,422062553145
"671";3425,40066427928;17208,4719046068;24;609,939610168242;50;"informal";664,806857786262
"672";3529,70331730154;18341,6887901858;12;463,137985813378;36;"monotributo";1525,50647674943
"673";2568,12328959759;19231,6088403136;12;676,54728238094;33;"formal";1418,59880418204
"674";3942,37428173848;11454,6511668078;12;804,187644979757;55;"informal";784,376761390842
"675";2503,66980878487;19140,425131998;48;675,466865194729;37;"formal";374,404306964924
"676";2379,80259610328;23335,2719237925;48;732,584075635924;61;"monotributo";434,881762463759
"677";3903,60066826288;33241,776213134;12;663,587270589838;28;"monotributo";2454,39870378361
"678";2693,98642854807;18263,5195050912;12;549,503036251577;21;"monotributo";1414,42171663395
"679";2982,0088574852;15862,0218707511;12;804,964581023618;53;"informal";1111,49224137142
"680";2902,14343026831;12696,6552215389;12;580,22086701917;52;"monotributo";982,229127009388
"681";3243,36174781386;24606,1588282314;48;685,113385256228;23;"formal";477,085675762745
"682";2434,64065507982;25435,7760562153;12;505,42820518999;50;"formal";2092,12756242586
"683";1748,1893368889;20237,5208762985;48;867,650284636251;22;"formal";342,221164745286
"684";4239,83386263108;17695,1381369922;48;763,435822176025;21;"monotributo";376,828358752829
"685";4663,68318806955;13950,0106462332;24;610,971192893292;24;"monotributo";589,853569922411
"686";4298,92501009313;20517,3888205521;24;753,692272701735;51;"monotributo";762,747790895659
"687";2952,06695430842;20979,7016440866;24;580,810704081639;57;"formal";821,713923254595
"688";4054,70581077485;19519,4138567072;48;630,087413505554;41;"formal";405,180638687803
"689";3745,7045336997;18887,6543198241;12;506,269810367321;36;"informal";1523,54238705545
"690";2016,88917458655;21159,3696076518;24;772,994316379005;23;"formal";786,827666091725
"691";3863,48925131844;24771,2223570399;24;686,677536708245;62;"formal";940,228239951412
"692";2582,75077340189;21042,832833269;36;696,242032411431;25;"formal";548,128115340159
"693";2470,91322889466;19290,6189910677;24;584,915719882037;43;"formal";752,693550468464
"694";2262,19782052356;8194,86686831645;12;672,944768987796;47;"formal";620,913550304942
"695";2510,73904382016;12898,7268871491;36;736,194577913183;46;"monotributo";314,484744081108
"696";3344,8216285667;25225,8409424416;24;668,478444731108;52;"formal";960,678535090727
"697";3351,56437032618;17468,8762873982;36;683,218527259466;54;"monotributo";460,643291319297
"698";3535,73750438039;21858,130492202;24;590,742961040149;40;"informal";889,838527767545
"699";3952,20056345522;25945,926252299;24;472,188302401246;23;"monotributo";1101,64410303902
"700";3444,07213948615;14598,310744325;24;647,534109538123;30;"monotributo";576,11466554676
"701";2823,87363123573;23669,5432730964;36;510,167037920366;26;"informal";665,57817076863
"702";2848,79059787617;25578,8490202976;36;567,078010480476;24;"monotributo";731,491114230876
"703";3574,25936112724;21849,8076902296;48;605,246352379964;49;"formal";483,571688249394
"704";3509,47076288207;21996,2978353522;24;606,153411264617;48;"formal";857,331817536804
"705";2861,77108414885;14497,5341636981;36;652,69510861195;41;"formal";410,001374799959
"706";3038,52942574578;20314,0986373016;48;887,898683282815;24;"informal";405,036710496951
"707";2429,36594223101;16558,5114617402;36;577,067458568851;31;"informal";498,083135408893
"708";3256,69119300398;12930,4193598333;36;585,732436795894;47;"monotributo";371,697206547905
"709";3435,18336472175;31623,8649268367;48;626,711270434564;47;"formal";656,450522906254
"710";3386,47597994825;19378,4858444316;24;634,780775632521;40;"informal";779,33621697914
"711";3078,63731754445;25966,4072868514;24;738,443005283237;36;"formal";940,703302646638
"712";2379,6102277636;27588,9978457216;12;775,913962897102;63;"formal";1877,62492291324
"713";2620,60508180865;19862,0922948801;48;686,754253878458;61;"monotributo";423,616273908753
"714";2901,63115386308;21594,5444820597;48;459,3906634895;22;"informal";476,297898312662
"715";2560,93809971463;16006,4617760339;48;703,02774498703;39;"informal";368,584507432082
"716";2234,19370515973;21932,1662335236;24;623,378823522504;23;"monotributo";871,138714074733
"717";3140,11574717007;23160,4672723718;36;678,455666460478;54;"monotributo";595,768520046109
"718";2381,66086713118;21541,8254004325;36;685,963001778961;36;"formal";612,78251293525
"719";2440,29119915717;26950,8789605481;12;707,887020306834;27;"formal";1940,82961841377
"720";3403,03428319504;13642,0179324673;48;786,401369042696;38;"informal";310,937098214172
"721";4191,66445670929;23285,0508863556;12;686,399065678321;41;"monotributo";1758,94291398092
"722";3671,39418027979;12123,6135051062;36;717,225862741994;59;"informal";311,721189293977
"723";2292,70257718744;21374,0482536475;36;728,763631917148;59;"monotributo";558,010721889167
"724";1450,11981971482;16215,6774038508;24;698,419425632727;37;"informal";593,241910517194
"725";4563,99943893954;19907,9273774389;12;718,408112231482;40;"informal";1441,54038711203
"726";3572,02071214367;19619,1161264575;48;638,348256798427;58;"monotributo";401,020127459281
"727";3557,63991942158;18150,9886294748;48;636,927894007346;65;"monotributo";375,542472572851
"728";2327,09732583887;18377,229133566;12;763,185850055543;60;"monotributo";1254,20927750378
"729";2662,53708887309;9670,37087473295;12;565,353710859451;34;"formal";780,751251386239
"730";3333,26089426033;20734,4518160635;36;695,411684747698;55;"formal";557,12856397014
"731";1424,77894307238;21939,2326090949;48;573,244642733085;41;"monotributo";457,451776930933
"732";2945,00179496973;19289,3980613115;24;676,253630704355;23;"monotributo";743,974067768896
"733";4071,95443437099;24407,2277318964;36;715,265745398471;49;"informal";625,755246533175
"734";3403,0484855775;13898,2410376604;12;686,267113744927;31;"informal";1025,48275771137
"735";2676,36571111694;19593,8809422978;24;697,985605738994;56;"monotributo";728,231172196148
"736";2984,61625956565;12463,840912681;12;664,286832179574;29;"monotributo";948,877929021401
"737";3922,90664196037;28276,5399408384;12;748,232759411419;23;"monotributo";1994,62285170426
"738";3097,27173772415;22368,6331886759;48;657,715315142883;28;"formal";508,148230641637
"739";3426,69895096565;21076,1478870444;12;667,739877822477;63;"formal";1556,03063604884
"740";2151,10046965785;11273,1674025024;24;608,847091966377;60;"monotributo";450,047803437213
"741";2142,70474904478;9230,06812960819;24;668,309482879079;58;"informal";352,146180463954
"742";2796,80063574102;24249,8090594472;36;473,13628217811;36;"formal";722,185306240284
"743";2075,146297704;20684,5075057556;12;497,746034034934;42;"informal";1708,37727121339
"744";3523,79667941374;19052,7223484229;36;615,211352376905;37;"formal";548,33226536722
"745";2308,55949191832;23592,5985404914;36;668,222176996214;26;"monotributo";608,40225072218
"746";3535,22840412474;20822,8693115198;12;607,821057322165;61;"informal";1582,14402303734
"747";1803,72115548756;30181,2417575714;36;562,328309160165;23;"formal";808,480570067536
"748";1950,67222960621;23021,5286682956;36;807,357841893063;39;"informal";571,402232835326
"749";2572,59116175614;14526,3846491179;36;565,331045583175;52;"monotributo";437,815975720678
"750";3759,64873612835;13975,6891063595;12;748,656562054045;31;"informal";997,342288339231
"751";2927,84292491612;25319,9690953542;36;630,326067007988;28;"formal";683,275932270866
"752";1897,29216646139;25409,0384210046;36;634,402424511506;52;"informal";684,634990703268
"753";1343,22359061638;25723,2302298833;24;522,647909813409;56;"monotributo";1068,62172755665
"754";3620,91139052082;18559,7900061993;24;713,497461036107;58;"formal";692,404209368147
"755";3526,52602237171;34482,5678486954;48;693,946229785793;32;"formal";633,288822396112
"756";3041,9849193965;22902,9036564598;24;657,961105342963;59;"formal";888,500604865439
"757";3177,99030148062;11705,7115740806;36;586,212946669711;55;"informal";357,917361006693
"758";1907,74175788377;25577,0626860471;48;768,464797295182;47;"monotributo";471,212447870335
"759";2920,5117875495;12015,5508401123;12;731,997509608471;38;"formal";885,250637371508
"760";3069,4467328062;13878,3839370473;48;757,365987614288;34;"informal";250,299905469996
"761";4204,7625773114;12486,8773115236;12;668,064438618966;23;"monotributo";954,629379251579
"762";3298,37341721456;21553,9777215892;36;639,014585945938;52;"informal";578,924798414698
"763";3931,06122384333;14038,4978124152;36;631,977093942908;35;"monotributo";401,988408187895
"764";3966,78038839468;16765,2911440301;12;666,394674996145;56;"informal";1255,52931628995
"765";1038,16048016156;19276,1739015511;48;557,502116087429;38;"monotributo";454,967155900504
"766";3665,94785137768;21211,1668441085;24;605,817218340045;40;"monotributo";821,057615082228
"767";3405,3004196275;22083,9473064805;24;630,336967780457;29;"formal";864,860044412251
"768";2814,97562440936;19452,423861832;36;719,312716858667;30;"monotributo";523,388551184823
"769";3640,30970197504;23812,4536221568;48;817,314013147773;64;"formal";447,462631512518
"770";3547,77806572686;20018,3859725402;24;632,088108670819;24;"monotributo";795,842134465188
"771";3347,55443208268;18044,6734076558;48;547,112383466763;34;"monotributo";393,849241969501
"772";2457,041152081;23218,1670598517;36;524,588744551511;55;"formal";644,63158906903
"773";4041,58059226083;20673,7812904364;12;614,566310301323;21;"formal";1597,92429552735
"774";3285,83770970442;11594,2117627187;24;531,590056611889;58;"formal";489,796842544499
"775";3305,27258069378;25080,1846499401;24;505,18769018361;21;"informal";1049,42437094821
"776";2922,90924239427;22194,1163108046;36;643,911661670346;37;"formal";602,762859808172
"777";2362,12457003574;23476,705650432;48;683,476968074168;25;"formal";450,475151413923
"778";2939,28467350724;17204,1356634689;48;637,989997970189;53;"formal";327,542297685448
"779";2098,71284420647;16769,5793757509;24;676,212365038705;48;"formal";650,682297426655
"780";4180,28252440127;19332,0779687568;12;646,650151704854;46;"formal";1498,44273776358
"781";2890,52976158753;23735,3781589486;12;799,214859581306;61;"informal";1641,70786681425
"782";4115,12996317644;22515,4832290655;48;731,95091680663;54;"informal";433,553959036359
"783";2788,37814375936;17616,033044534;24;537,455405402355;38;"informal";740,384535226614
"784";3484,37482827484;14703,524463393;24;662,193566604111;58;"monotributo";600,727342552197
"785";3198,30380963225;6481,81953392285;12;688,04121223113;40;"monotributo";555,329015530963
"786";2611,35639973836;32695,7421752132;12;649,706693126075;51;"formal";2458,06393538974
"787";1943,44430730977;18304,1973375602;24;728,225239743943;34;"informal";720,8711101794
"788";3647,75644435325;18095,1548423666;48;721,008847054324;24;"formal";357,941495971881
"789";2026,25403173223;23485,9475077515;24;674,802997434324;45;"monotributo";883,656739677229
"790";3510,77471502864;16443,6496392614;12;581,865304845827;62;"informal";1301,12771861631
"791";2627,77041080551;14899,2575301881;24;666,796393868304;38;"informal";593,266630472874
"792";4207,63654125539;15501,2812526171;36;703,970948025627;53;"formal";443,716426938848
"793";4169,55110171711;13845,4759583432;12;592,910257443096;27;"formal";1091,10190965205
"794";3721,14035877175;31497,2624103275;24;716,262479084587;62;"informal";1180,3746871762
"795";1561,06906470685;21781,856497482;12;645,506303394675;38;"monotributo";1623,30101156836
"796";3089,8212249249;10113,7421633004;48;693,446464823929;40;"monotributo";233,29023180547
"797";3099,85671227494;13878,7307438201;48;553,6701597299;29;"informal";335,365598680646
"798";2638,96807258652;19476,5998494211;24;583,703397470225;47;"informal";784,440045527246
"799";3065,55996151049;18282,1534364564;24;710,932034853339;58;"informal";686,476726579822
"800";2998,58305653999;19337,7936354784;36;583,951794626841;56;"monotributo";526,142804549442
"801";2460,6488963615;28906,0637306753;36;583,587705888381;29;"monotributo";779,087231548284
"802";2138,16062193629;20132,3470848611;24;555,271424231991;64;"informal";819,756731636125
"803";3375,25530374819;27194,9456690435;12;898,561608855179;35;"formal";1743,03932967294
"804";3233,19926344942;20866,4833943959;48;536,83016379756;27;"formal";438,822364191991
"805";3491,4079515191;14585,5731478826;24;748,529754499821;50;"monotributo";563,784339298745
"806";4035,49407156537;17550,1587344563;36;730,401066570289;48;"monotributo";448,626097702922
"807";2913,54404860699;23613,5092041289;12;596,334150826391;53;"informal";1859,72921212943
"808";1665,52528638277;11188,5471191628;48;649,972297929681;61;"informal";248,663165104775
"809";2344,73589363285;15572,3524558374;36;676,18845300733;24;"formal";445,222257889609
"810";4472,65931912901;10383,4085763062;48;599,653157644688;44;"monotributo";257,721950628937
"811";2681,72197985544;7249,20409873015;36;771,6436207738;33;"monotributo";209,371885904095
"812";3138,3108434171;16941,3463758615;24;790,143142841712;28;"formal";644,731628771238
"813";3395,25967325857;17955,4184934355;12;729,103218756567;39;"monotributo";1353,30595108584
"814";3229,29655955007;27156,0459672799;36;595,881874286008;39;"informal";733,566033839136
"815";3335,24427215354;29026,2713862057;12;724,132699393004;51;"monotributo";2064,91101605506
"816";1986,02228108531;18532,4429330365;36;702,212195025801;60;"informal";471,15619395976
"817";3777,31513411503;23170,0313040934;24;653,739967788663;49;"informal";874,518560072352
"818";3416,81918792974;12586,0607099535;12;632,780493764698;28;"informal";969,347124011347
"819";1597,38723837751;14255,6872982872;36;596,592376491335;50;"monotributo";401,988231881493
"820";4680,31858217791;21335,1473886604;36;668,412458313534;51;"monotributo";564,30745396024
"821";5344,0251443385;16860,4430686257;36;674,914090860457;37;"monotributo";459,409603764518
"822";3594,83995435701;23653,6450238602;12;622,435135397217;44;"formal";1800,01989963068
"823";2588,35597076556;18802,5921141013;48;532,676615735716;53;"monotributo";405,019087562193
"824";2409,12204657659;22178,2783014912;36;719,480712889162;50;"informal";569,397778295088
"825";3076,79954310015;25705,6799206732;36;695,972854466263;44;"informal";611,32289980896
"826";3291,98560937531;23192,4654752483;36;734,404855176678;53;"formal";590,678234294409
"827";2389,31768000534;26053,0503731165;36;572,623319251976;64;"monotributo";692,169587593402
"828";2923,71685994182;26380,9617274749;48;627,548933285;61;"monotributo";510,21641768699
"829";3577,16440465573;28172,6787836597;36;541,549415812682;21;"monotributo";738,167019231217
"830";3159,90410182008;14852,8885564532;36;803,563343040862;56;"monotributo";378,870810863626
"831";3749,87124263063;26135,2432473488;36;483,202419033117;25;"informal";736,074746307016
"832";4226,55903998903;19582,7199626672;24;599,298695291282;41;"monotributo";782,342678672645
"833";2414,81058761776;20199,2641881508;36;755,942727035684;33;"informal";494,303605871663
"834";1485,57843617564;19369,4417255366;36;740,586780714594;54;"informal";487,636397522026
"835";3711,92695854927;24084,2417590103;36;695,23527316592;62;"informal";649,855697283213
"836";2577,50797601223;25900,4917729833;12;697,43681535138;26;"formal";1944,68167654038
"837";3883,9034783476;13595,5961163554;48;724,775349763702;63;"informal";268,450436701575
"838";2809,36590774343;15072,0810714869;12;464,260434010797;30;"formal";1278,08130040655
"839";2388,86224098545;23518,7642842862;48;617,773109100871;60;"informal";498,436679595532
"840";3092,41233695688;25391,0649002825;36;572,071314781383;47;"informal";674,494483742885
"841";1833,91032464058;23035,7943675871;36;574,680160670308;53;"formal";623,758385527865
"842";3397,70220775061;16329,3256981442;24;683,822959393202;23;"monotributo";615,933029871176
"843";1208,66592051199;21652,2053984291;12;632,128587887748;25;"formal";1640,23851061432
"844";3594,68075953903;26486,1606090351;48;624,393575191525;33;"monotributo";520,3174198895
"845";2190,4590528894;31585,2264725298;48;570,710094734276;31;"informal";639,697663130784
"846";2328,00355907832;19051,432462976;12;618,820527190564;21;"monotributo";1443,55032133516
"847";1308,71437143406;23937,9725827075;48;847,843537112876;54;"informal";418,055706351
"848";2364,51334903586;21157,6019262503;36;639,899357354152;42;"monotributo";524,966358665817
"849";2178,6941785121;12038,8867466048;24;717,349732985742;64;"monotributo";442,741033266813
"850";2612,94278303668;9421,03955840576;36;634,360427950656;28;"informal";323,238729955774
"851";3934,69813221987;20852,626689453;36;696,460176303363;30;"monotributo";563,898318062516
"852";2444,30839802847;17971,409363761;12;696,19327329126;41;"monotributo";1319,46266867896
"853";794,751427149383;22866,8647852118;24;695,325565703415;38;"formal";857,202752856396
"854";3523,21822489608;19546,4971619679;24;554,220446976915;23;"formal";819,857193684926
"855";3358,57498041224;13730,4008459212;36;634,301288205214;38;"formal";410,814146005024
"856";1686,98142039458;27561,8201030916;12;629,914652877698;51;"informal";2081,74217628868
"857";2602,74865213104;23736,9804725328;48;719,138311606798;58;"formal";471,297794659813
"858";2756,6509745823;27573,7253258963;48;623,470288900327;28;"informal";532,681835553002
"859";2687,92094282679;18339,4659985854;12;594,19870703397;54;"formal";1417,83886071776
"860";3194,52912904708;19955,0432830046;12;540,908478763726;41;"monotributo";1598,71534628215
"861";4575,27281953654;17699,7061804533;48;880,158291703889;54;"formal";334,117069893313
"862";1787,50806904013;23778,2944279829;12;434,772927722778;49;"informal";1969,2648750301
"863";4127,08709526011;20509,432568027;48;701,738053644892;60;"monotributo";430,091523706493
"864";3380,3056920337;15962,1373769525;36;659,916785405363;65;"formal";427,62580762852
"865";2952,16983368699;16902,0489796183;24;639,254287038146;44;"informal";698,980079964916
"866";2210,86934235858;24024,0628799873;48;625,171180879266;64;"formal";486,382437352757
"867";1768,84464527474;12707,8532430979;48;606,577290222611;63;"monotributo";264,100496561178
"868";1365,22333045679;23457,1434723477;48;488,589917879479;55;"informal";501,858453111797
"869";3421,34394453196;19024,0702064725;12;725,58818819855;60;"monotributo";1378,60978693659
"870";1653,84272761234;18052,0113925384;36;654,0242140158;28;"formal";462,587845664672
"871";2667,56095119771;21975,9814092339;24;685,132353776841;41;"informal";849,741918622864
"872";2745,55066741509;19120,537992058;24;493,580478309178;22;"formal";806,18017170326
"873";2522,44402476522;15811,1516555726;12;559,109393729;55;"informal";1270,76617083587
"874";3507,55305956263;21603,7150286349;12;661,693199197343;39;"monotributo";1616,99472822831
"875";1227,35752756036;17659,7959239421;12;676,971457654893;64;"informal";1318,31549162845
"876";5063,67358801052;24671,2972535014;24;654,543612429045;46;"informal";940,47708485488
"877";2696,97006089654;12509,7476048273;36;735,589652708354;61;"formal";329,045512855011
"878";2327,36790153569;24396,0553768678;12;614,171622565636;49;"formal";1857,41245019088
"879";3341,4260779357;23355,2856962978;12;737,902388005111;27;"formal";1656,75945560493
"880";4607,46602234398;19564,1297238494;36;658,209466387511;49;"formal";563,639959306336
"881";3283,17708537875;20879,4802946692;24;683,268559512155;56;"formal";780,475794819078
"882";2482,99848042309;23561,8096212066;48;690,188792155255;44;"informal";474,703818808305
"883";3020,17776100471;30168,5666512563;48;565,645669455529;60;"monotributo";596,820035797145
"884";2668,16172902271;11777,9917036548;36;591,729618627582;38;"monotributo";367,977077398547
"885";2248,67214045949;28733,5975311365;36;593,177364378747;50;"monotributo";770,376014461205
"886";3116,37939250359;26681,1434875151;36;492,291890737407;40;"informal";757,9850853774
"887";3536,18188803082;21338,7068000642;36;722,030084044284;45;"formal";553,275189425941
"888";2897,31107993032;18435,6569918892;36;667,443216870712;25;"formal";473,21396072558
"889";1422,63751034371;29881,7588323276;24;657,148090091304;26;"formal";1130,58888389985
"890";3870,97879970128;31834,2942529929;12;760,816348134893;42;"informal";2199,91721374676
"891";2368,88464772392;22111,5863096323;12;604,826343585434;28;"formal";1712,93971449586
"892";3578,79510712983;22313,7711341363;36;773,082481732217;31;"monotributo";512,235453715099
"893";4144,96317410913;20526,1301114852;36;469,364075011199;46;"formal";624,767770645193
"894";3319,95654581377;19626,7265743862;24;532,721095468558;64;"informal";819,806849427552
"895";3135,5449231353;25002,4110814003;48;706,099568441415;64;"formal";496,408065247661
"896";2561,68278272669;28226,0119566477;12;733,931908923399;51;"formal";2047,15651817919
"897";3962,40493307217;21618,0081897486;24;609,934330901316;35;"monotributo";846,431145588576
"898";1447,23133379953;15867,9261482811;48;512,316688374155;28;"monotributo";353,034592368785
"899";609,010952262369;25039,4542466325;12;630,198721076973;23;"formal";1905,46953149849
"900";3958,36633396388;10287,8260012756;48;850,478061659161;37;"monotributo";227,417075578842
"901";3066,45968747028;18515,3715434035;24;690,836419914521;31;"informal";721,671211792226
"902";2207,31674114111;17425,735402639;12;673,594271443083;33;"informal";1285,26580012
"903";2684,53749154263;20428,0424403779;48;725,776617917128;59;"monotributo";417,656346354639
"904";1729,1762317277;20103,3882705599;36;632,698827608731;37;"informal";524,202994136137
"905";2593,41828654778;16444,1188983703;36;757,492403761957;60;"informal";400,33512794363
"906";3409,78768798943;16647,0149855235;48;546,403939685899;59;"informal";368,179114977931
"907";1140,80964915881;20380,8454826211;48;563,974224826908;42;"formal";435,706025748197
"908";3682,64927195997;15197,1924624029;36;557,111690241443;63;"monotributo";452,341607292891
"909";3103,67463228438;18357,85284071;36;635,062826283465;65;"formal";517,22426444095
"910";3798,49599346279;19922,132709292;24;532,769954242659;29;"monotributo";814,712056577869
"911";1904,62131843994;20981,1179739178;12;686,325761973852;58;"informal";1548,34534307666
"912";3847,44124859876;19377,6146344035;36;600,252461305418;44;"informal";552,203293388063
"913";2619,16804256105;16930,4383488108;12;705,193857808765;23;"formal";1241,38285943551
"914";3768,68917347733;24125,8682885691;48;605,791021719087;40;"informal";485,525260792163
"915";2779,47482365779;24540,9821115752;24;559,467654030567;49;"monotributo";964,569241833295
"916";4207,36084381428;11702,0782139126;48;745,158995015959;33;"formal";286,241456946953
"917";3751,56716998595;22854,039861019;36;588,240679235929;60;"formal";642,406333588318
"918";2881,3390756019;20647,0943010131;24;843,153713455842;46;"informal";755,891644785165
"919";2914,58222775833;18377,4030116031;12;726,103475448017;58;"formal";1344,51737667705
"920";3145,74608775038;27296,6511536331;12;588,918896210935;26;"informal";2102,06059351915
"921";2910,21156990138;20763,7637028761;12;508,559482777958;45;"informal";1719,06300570647
"922";4232,81735360211;18112,6724301849;24;519,138335694041;35;"monotributo";747,798620497309
"923";4212,24666605552;25358,8673961866;12;642,945366419522;55;"monotributo";1884,99714196969
"924";2896,14264440514;17129,0899108135;48;638,930378106667;23;"informal";367,049506112013
"925";3925,72196577421;21059,6440559098;48;559,409688874791;25;"formal";440,886150735806
"926";2450,60877997831;29471,6006092896;24;488,548554578313;56;"informal";1192,78724444906
"927";2446,02891668472;9611,21178679393;12;720,982555155671;42;"formal";722,367871895319
"928";1966,95403575707;10991,251761405;48;723,598578495602;35;"informal";274,905668164952
"929";2852,90692333947;24501,7300592709;24;712,303484722479;56;"informal";860,01706538339
"930";2607,44782784466;19691,3145666932;48;669,480188848272;28;"monotributo";441,820554384244
"931";3498,0264765527;26413,5905623871;48;466,76399547035;31;"monotributo";587,176310944729
"932";2421,01491362014;19994,2624604532;24;659,918688679048;22;"informal";776,275923840936
"933";3544,67008792896;23732,9642623315;12;639,242064594615;25;"informal";1757,74845579846
"934";3075,6848048055;20208,6388771716;24;679,239526389787;22;"informal";788,401956130987
"935";3929,71209785836;15060,9054686262;36;692,214244521698;39;"formal";389,275365174896
"936";1453,05227190098;26575,9003958393;36;611,853525485479;55;"informal";703,648396366526
"937";2833,95924294237;24504,3429688026;12;694,313674993377;26;"informal";1756,37178783048
"938";2926,89706249697;17369,1512509859;48;648,189532696349;60;"monotributo";363,979462211039
"939";3679,05789035772;31516,3826155194;12;582,445301926869;35;"formal";2483,62062289035
"940";3780,17728382295;18530,4907983655;36;733,526006372114;24;"informal";488,699172395607
"941";3860,24743045537;21009,2013504071;48;551,001298962517;32;"formal";450,282937777338
"942";1950,31913656435;17312,1571242138;36;756,9667522572;42;"monotributo";452,746608429972
"943";3272,09422741897;18897,9876635526;12;743,93539346318;60;"formal";1367,85745425416
"944";3468,61612442838;16816,5093253066;12;561,519590014504;28;"formal";1365,84259969321
"945";3154,07106807375;14724,405244616;12;520,881256204979;57;"informal";1185,12265420097
"946";1791,70829728849;26559,9794809875;48;677,711230328394;27;"formal";524,257946848009
"947";2993,44059865564;20342,5615671522;36;538,562672613069;45;"monotributo";565,681552063098
"948";4149,94438798665;14859,7170654118;48;759,763780979457;62;"formal";329,985411837811
"949";3388,37929478552;22792,134083403;48;677,076978743318;47;"informal";468,205667128165
"950";3455,99743789143;13926,6869849453;12;573,621673971202;49;"monotributo";1164,40531634991
"951";2372,30014318429;24420,3584688065;24;624,620153595941;31;"informal";931,063542734572
"952";3214,60202935304;22718,327078984;36;611,68799469848;25;"informal";603,648551503888
"953";3841,75515866984;25098,3607899385;36;598,433016545156;23;"formal";693,26887457972
"954";3643,953696296;28428,0313028449;48;614,025071784249;27;"informal";573,41581875819
"955";3480,58368347389;13944,8725983146;48;589,556364154304;44;"informal";309,64281257674
"956";2875,3351412528;23710,4974381356;48;496,515672553276;27;"formal";548,283721324327
"957";3215,06026766013;15206,8183747923;36;730,324209130863;49;"informal";408,290812056362
"958";2660,54207107895;30714,1163879757;48;553,271498400177;21;"monotributo";644,800671639182
"959";3352,21133909351;21159,6170802232;36;534,729439140972;24;"monotributo";606,075973743945
"960";2937,57001621994;18016,7814187752;24;568,331835491927;62;"informal";750,465342505365
"961";2686,91891541673;16011,3910341392;24;665,024679789772;24;"formal";608,491122455674
"962";3114,93698876551;22717,3400256384;24;444,049291876071;27;"informal";1009,19722478615
"963";3152,78487332622;20094,7824256468;12;643,794722135594;55;"formal";1512,01282443398
"964";2890,63044894701;27267,8903924566;24;637,449717647839;29;"monotributo";1048,6107436242
"965";2660,6876652439;13647,3221756044;48;691,414095099787;33;"monotributo";284,202432419792
"966";3888,73355784187;17316,7453332965;24;606,753842706885;41;"informal";677,57021410351
"967";1797,06290719753;19044,2365850881;24;679,112373698655;24;"informal";760,602139810221
"968";1818,32190615455;21151,532480584;48;658,38550145419;57;"informal";416,608270949478
"969";2248,8495338852;7513,83703015279;36;673,25078004365;51;"monotributo";267,328575182116
"970";3215,48959618427;21964,9477342693;48;696,713087113421;23;"formal";431,633130469332
"971";4365,85723308;20556,9475299148;12;581,90324191006;65;"monotributo";1632,85166281958
"972";2941,48809295642;22370,0246324023;24;638,265997562976;21;"monotributo";886,991569561721
"973";2430,60887844708;24461,496276605;48;700,457063881571;51;"monotributo";468,806251689393
"974";3733,1126742891;18713,2393373839;36;718,878985243764;30;"formal";459,794812987761
"975";2089,61802855143;24532,0558988622;24;499,359707608849;44;"formal";1005,29535541937
"976";5872,62611913941;18567,1039573887;12;868,596655513337;50;"informal";1235,52959813905
"977";2511,76883827754;14096,3829814305;36;731,411803834871;35;"formal";328,342656264661
"978";3010,05286007846;22239,15584517;24;656,430512466759;55;"formal";848,282737068233
"979";4242,19801581294;18309,43569854;36;671,848738698205;47;"formal";474,674497191466
"980";1230,36630690997;23436,7777758802;12;694,497531677091;58;"informal";1712,90398751623
"981";2929,98128391714;10632,666700385;36;596,578401079967;43;"informal";329,808989128558
"982";3079,60906158971;30494,2890948805;12;697,495925433081;42;"monotributo";2211,4048906849
"983";2854,34975145269;11854,6355323425;48;765,904963028094;31;"informal";249,989033439474
"984";2412,87733774552;28645,1360568516;24;667,394645348933;37;"monotributo";1095,90215266435
"985";4020,34517923851;24579,3466783104;48;634,589375662087;36;"formal";536,255550840294
"986";2897,71518388333;18174,5322494502;24;571,013944837984;38;"monotributo";762,804057591085
"987";3692,53982492192;9814,04606677715;48;622,632587619093;21;"monotributo";229,058521601849
"988";1911,63725929168;21910,0711354299;36;588,782261290727;49;"informal";593,100437373444
"989";2084,96035248593;27804,9025986852;36;652,24994219349;65;"monotributo";738,616390522624
"990";3000,02545790575;16987,0757935034;12;688,896172734806;26;"monotributo";1264,1224842492
"991";2908,63583494121;26065,2333872116;12;453,450017185144;24;"informal";2190,6889238666
"992";3746,44578513653;13876,034094244;12;705,192046864628;21;"formal";1028,0971777988
"993";2709,96001008008;14223,9393716257;36;605,749150430316;44;"formal";398,07980743614
"994";3807,46255628383;14998,0063758691;24;690,196823202153;33;"formal";560,401076504328
"995";3685,74439019411;18452,7164819685;24;741,479569893632;58;"informal";703,627813241672
"996";1896,06766593763;6493,89117605745;24;603,773818450672;43;"monotributo";231,128607704274
"997";3093,53786785021;18050,9283367239;24;662,492274803821;51;"monotributo";720,964342526006
"998";3590,43136227879;20883,615780204;48;597,277604835763;27;"formal";484,71711717109
"999";2485,88244220508;19719,1834721213;12;593,411144869165;65;"informal";1549,16326305539
"1000";1406,11164943208;18256,1428163969;24;687,874325186652;60;"informal";707,670758248586
"1001";2671,09338368927;19126,3212659824;12;656,754279753814;32;"informal";1426,10902480506
"1002";1845,82135253618;20720,4998760353;36;843,514958447453;42;"monotributo";500,661833597684
"1003";3102,92174249424;15697,2712764332;36;568,754293487184;52;"monotributo";499,831327007438
"1004";3824,54878646021;22590,0518794737;48;690,404023632859;25;"formal";501,113819080762
"1005";2272,39014806632;16931,6499310082;36;704,097932791604;63;"formal";452,908368744398
"1006";3949,24990077792;14132,4824093554;12;634,279870031275;37;"monotributo";1090,34267806273
"1007";3430,71601453831;24692,7059677737;48;540,306503394178;54;"informal";554,500054117293
"1008";2117,75965103755;16533,3815097488;48;679,005969893753;42;"informal";343,311283525003
"1009";2851,59525318491;27957,1177158858;24;776,323345029516;23;"formal";1004,80765583793
"1010";2456,14779048556;20427,5912515683;36;677,064504068167;33;"formal";551,336162647576
"1011";4323,70761092309;19449,7342710168;12;549,096492340303;39;"monotributo";1560,32278268814
"1012";3695,00712266329;29414,8172110712;12;677,211833587662;24;"formal";2127,2643822475
"1013";2679,03057494082;16243,7392739178;12;561,104534953159;31;"formal";1299,18649534065
"1014";2891,47823961002;17488,8373245022;24;614,996915677688;25;"monotributo";698,598000573702
"1015";2704,62755403005;30882,1901874447;36;711,417637938399;48;"monotributo";791,902103650912
"1016";2792,26744950064;22551,6096619858;24;734,409722701281;47;"informal";787,803151783098
"1017";2733,19717620277;15595,0475919641;48;664,220261475314;37;"formal";337,082857356124
"1018";2646,65831012065;24403,8108835171;48;565,756963016152;58;"informal";491,440955747749
"1019";2923,75061074459;17235,9899581015;48;673,208718711301;61;"formal";344,436259307509
"1020";3707,39572393246;16374,8092331228;24;714,462564264046;55;"informal";591,110414748808
"1021";3559,16560063762;24159,2603132875;36;650,348510410155;47;"monotributo";670,016554565475
"1022";2640,25007981672;26776,8630865836;12;621,035978715401;36;"formal";2031,60580775863
"1023";4382,29463271933;21269,4237336208;48;514,292848805201;24;"informal";476,169710199692
"1024";2698,96043884995;12849,0778462438;36;678,456362469091;30;"formal";344,966188320666
"1025";3064,06474298824;11788,5360009277;36;685,431575682174;45;"informal";334,978929787508
"1026";3810,99239947335;11468,0788410707;24;649,558493997374;51;"monotributo";484,112750532898
"1027";3984,73890367434;21863,3481231373;24;605,72911242663;52;"monotributo";851,496059076451
"1028";2293,86866827994;24628,0455471139;48;690,474471094863;22;"monotributo";479,758117348861
"1029";3602,36365562048;18299,2218287243;12;670,346857061207;24;"formal";1397,00841399806
"1030";3662,13090255384;22774,6899219152;12;518,039227238334;64;"formal";1825,19519498399
"1031";3833,13833490363;18574,3228959528;24;777,845171147687;46;"monotributo";683,614218991595
"1032";2033,81232875862;14798,284549509;48;721,347804709552;57;"formal";319,68455809476
"1033";1860,16962400641;20810,0796306633;36;647,371149262937;50;"informal";560,396192366224
"1034";3156,94184960311;11254,978884248;48;647,334118462072;40;"monotributo";242,7497245486
"1035";4551,19622505358;13594,9132063234;36;650,21238062932;25;"informal";379,139263183268
"1036";1090,10292329106;17567,9206004672;48;692,43463908124;57;"informal";354,383978936094
"1037";2348,21211547361;17644,6350797914;12;709,100386022939;30;"formal";1299,79586187931
"1038";3970,24162643594;26154,8694213058;36;633,292299359229;55;"formal";691,232173754393
"1039";3729,55841997174;18292,570704619;12;698,705710220493;53;"formal";1315,74785788895
"1040";3377,11850648347;19077,4419784542;48;574,556866920405;54;"monotributo";403,946514751483
"1041";2360,58687193395;10349,695946281;36;617,971264772709;46;"formal";308,212593219367
"1042";3619,2507197325;9437,44460252229;48;710,466002393282;65;"informal";230,158847399182
"1043";1846,90251659766;23132,612115582;24;506,672938590302;62;"informal";966,685546301432
"1044";3595,94787795443;22292,1764213875;24;725,904658582413;59;"monotributo";823,606565899123
"1045";2248,30673895331;26760,071490782;48;631,988497516112;59;"informal";536,009556754646
"1046";2484,44784192193;20240,3426179335;12;767,246633927822;33;"formal";1427,46578930167
"1047";3537,82783681779;9457,74778114915;24;648,814598078255;21;"monotributo";386,600468205297
"1048";3265,421102171;19161,5366676778;48;711,798782996573;27;"formal";365,952001624642
"1049";1787,07081799247;7151,5627558663;36;728,254472245891;31;"formal";231,981311587969
"1050";2274,0511718569;32384,4298157425;12;621,351270782946;43;"monotributo";2427,84343663736
"1051";4038,17096032793;18847,1015859958;48;556,425859319274;58;"formal";428,110124358261
"1052";4068,75878298271;21886,7940705434;24;603,819058845864;23;"formal";850,196359787104
"1053";2742,06324470536;16437,5118228622;36;636,861727079985;40;"monotributo";465,684214226359
"1054";3420,05743324367;20627,1308151597;36;618,705070189377;30;"formal";560,600766688588
"1055";2662,37939663172;16007,5325686019;12;768,536053496086;59;"formal";1151,86268447454
"1056";1601,57064045849;22885,9152299397;12;652,78604993182;40;"informal";1703,85437786471
"1057";2183,66118581167;18086,4044738469;48;607,960691952413;45;"formal";403,632536775494
"1058";2617,50598005595;13781,022049148;24;593,220941184177;31;"monotributo";542,446113471079
"1059";2713,7398927329;18218,6981268217;12;716,329093208434;64;"informal";1320,35829481858
"1060";4871,48724389759;10255,6606538394;48;618,968475984091;26;"monotributo";271,418829346574
"1061";2361,97806232335;22752,5654312857;12;523,08216636507;36;"formal";1823,14366062428
"1062";3373,64210706693;30291,2481584812;48;736,072390712166;22;"formal";625,164037012425
"1063";2530,48116423704;18269,5696210877;24;641,165112476967;64;"formal";706,388603069071
"1064";2833,19604687641;16448,769388815;36;595,912878307428;25;"formal";446,282662945979
"1065";3469,94082538239;18946,0747234896;48;677,768184046693;65;"informal";366,339413718158
"1066";1364,73725882891;19251,4595242448;36;752,869485506116;37;"monotributo";508,167380921661
"1067";3521,44141558933;14631,8054455646;24;693,798799384281;25;"informal";557,27821490509
"1068";3343,59207386036;20397,2249009599;24;620,251088070407;60;"informal";827,832424572033
"1069";2040,99998796465;21579,9209201068;24;574,23846900646;41;"formal";856,900675421118
"1070";4036,1147823843;12514,277234315;12;533,488578271828;30;"formal";1007,58086589395
"1071";5015,52475443038;12122,9533793543;12;450,707204544087;58;"informal";1028,26948925692
"1072";4108,09602294084;21489,0066527303;12;580,771727480768;24;"informal";1693,33838449613
"1073";3143,64511048159;22635,1778627328;36;764,278393735221;54;"formal";578,511143063064
"1074";3566,69784633219;9828,2328802334;12;675,715641864385;60;"formal";753,771828605428
"1075";3095,6835039384;15854,9647731651;48;607,167214532325;51;"formal";333,912207932074
"1076";4637,61574598624;18754,1560647326;48;637,914994813155;36;"formal";417,985149742625
"1077";2923,87505082123;30837,6399096262;24;484,930951622532;39;"formal";1315,01926767202
"1078";2814,40910532472;16552,1145461683;12;659,203357737039;50;"monotributo";1263,44875050577
"1079";2284,44887897833;16601,263233373;36;647,964868022072;46;"informal";453,120225256252
"1080";1944,83176897207;21656,0782617603;48;654,154741140261;53;"monotributo";484,23923879837
"1081";2483,31385374639;17183,0885619981;48;667,547978486297;38;"informal";342,651151204632
"1082";1789,21354263717;14069,7810569619;24;630,723457119289;27;"informal";554,649773436536
"1083";1884,86611246648;24910,5365087297;36;602,439332477125;36;"informal";689,377363931446
"1084";4430,32952900218;22865,9584475967;24;730,39152538606;52;"monotributo";848,285492121199
"1085";1450,29494089017;19440,0045044739;24;631,952156925482;24;"informal";774,737563163927
"1086";3240,21000744034;23625,3333105193;12;770,876016952982;57;"informal";1630,93841574796
"1087";2162,4823946155;14422,6606268349;36;510,833469010334;42;"formal";416,540015578988
"1088";1778,06762104836;26519,1093478084;24;846,644097142192;50;"formal";902,67223670347
"1089";2972,3464982858;23403,498002586;12;748,500835452928;50;"monotributo";1685,92049254637
"1090";3035,57206968715;15452,3264949351;24;672,61920820418;46;"formal";591,029176429332
"1091";3448,94958099777;25397,4719346926;12;608,862154288287;48;"monotributo";1975,86628040628
"1092";3457,15444520706;27317,8964472337;24;641,260123147423;34;"monotributo";1051,97216614504
"1093";4239,00335630006;26805,9523417986;36;740,195925012955;38;"monotributo";647,239620229849
"1094";3957,98612350812;27417,0017259775;24;662,280386108601;59;"monotributo";1032,81819849049
"1095";3147,89223608505;19183,5508993417;48;894,464930773701;61;"monotributo";336,885613397883
"1096";3401,94473680962;17697,4080202098;12;785,233147396632;28;"formal";1245,91908302031
"1097";3231,0192296785;21112,0162400069;24;694,151090011423;50;"formal";797,236632449003
"1098";3600,09138842916;24555,4625739431;36;647,491313277578;61;"formal";621,403112405441
"1099";2013,14106377419;29963,0744884717;36;630,552306569846;50;"formal";771,364465795433
"1100";3007,25490256547;7822,096265226;48;648,161666525674;64;"formal";216,93011918619
"1101";3524,43943009728;17895,9807505155;24;771,179885402696;65;"formal";667,598672555197
"1102";3677,09286053371;14216,3562100461;12;617,427402327403;43;"formal";1102,23208003409
"1103";2789,20779050675;32418,2285617271;48;682,508680519628;51;"formal";652,799128002191
"1104";3121,91819257499;16150,6818413526;48;725,992436574401;63;"monotributo";358,602850351168
"1105";2776,92931231052;17099,4603375985;36;639,994338642555;56;"monotributo";499,749746740835
"1106";2861,71563403814;25809,3545658058;48;651,396665311367;30;"formal";560,082122182525
"1107";2501,19129817524;21462,3166724546;48;508,612654264357;29;"informal";448,095371246815
"1108";3499,4012037229;26358,1302522138;36;696,624846641252;48;"formal";718,682015259147
"1109";2089,49534610275;26225,8960898974;48;520,247733840189;25;"formal";529,413660501453
"1110";1655,91169365214;21199,8257798262;24;626,997865075723;41;"informal";845,825432441472
"1111";3398,67808282329;16549,2230036295;36;769,287073566833;39;"monotributo";449,539360810018
"1112";2782,69623060645;13863,451255705;36;660,285026959477;55;"informal";376,55202973325
"1113";2822,49202334171;19967,4606993135;48;684,953285719815;42;"formal";440,639886265874
"1114";3305,21783724866;23448,9640551951;36;688,645924583346;33;"informal";605,018996172931
"1115";4652,64468826237;17459,5799834876;48;780,132508883363;24;"monotributo";341,498631864635
"1116";2118,4318577782;26749,9506827346;48;783,624510467307;63;"formal";504,314450971082
"1117";3431,48594929104;24598,2456673188;36;668,052394753618;50;"informal";591,950814857287
"1118";2039,91025168143;17857,222977953;24;591,71758274699;38;"monotributo";712,93553221187
"1119";2924,24758067018;11321,8492298398;48;598,046335876924;52;"monotributo";254,188731406412
"1120";2564,80566079236;15187,8005328302;48;788,711796137066;26;"monotributo";309,817771646725
"1121";2409,01769541377;16837,830082727;48;479,344004963243;48;"monotributo";408,642537152689
"1122";3682,60119291506;16362,111217872;12;646,948692189056;22;"formal";1243,45433593501
"1123";2001,55768200034;16915,0145037284;12;491,083123041294;49;"formal";1414,56666585689
"1124";1477,50334837369;28289,7895669139;24;586,387422453099;32;"informal";1133,40176187414
"1125";3373,87096915204;21476,3071773502;36;768,753966095339;57;"informal";530,305822613066
"1126";1986,22368494228;32358,4556953459;24;616,183090977077;27;"formal";1237,34940577354
"1127";2764,42018142863;17908,999451643;36;632,413207336605;32;"formal";508,805887225063
"1128";4332,37308825947;24534,7653743163;24;624,91157410516;63;"formal";941,331215136042
"1129";1544,08293768823;19636,1022406238;24;631,814028905544;44;"monotributo";754,569454422147
"1130";3925,69897584298;12939,9311699453;36;661,078764629292;59;"formal";348,945353965085
"1131";1546,3949898148;20730,7113424566;12;702,96681672316;48;"informal";1514,50962760153
"1132";3087,00030000049;24323,7260477076;36;632,49730693637;36;"informal";670,653703419986
"1133";4823,66991007586;20707,9228664648;24;675,537001226424;63;"monotributo";787,591606928733
"1134";3654,25484813447;12294,6449295358;24;737,310734488496;29;"formal";440,764843428405
"1135";3549,74225555196;21974,5358695872;12;735,887161874584;26;"informal";1567,20402108751
"1136";4667,28375053157;24594,6920637837;12;639,40199170137;59;"monotributo";1876,55172836679
"1137";3096,94629093256;15473,6549207031;24;714,757042543978;30;"formal";616,067003856896
"1138";4045,3537303619;13927,1929137191;36;765,190494186433;38;"informal";374,282305318212
"1139";3107,54076624205;29348,2485997077;12;615,523338284985;24;"informal";2227,8563230817
"1140";3347,93080513654;14677,6981743554;12;550,53673905254;29;"informal";1171,56322220933
"1141";2775,08156851361;26199,7458905367;48;631,08658630222;37;"informal";527,568583081998
"1142";3503,06776352954;14725,5518934597;48;701,469621581851;52;"monotributo";317,960395218364
"1143";1627,27307018561;18970,3707256439;48;677,884440660451;62;"formal";389,437668653782
"1144";2796,2512870932;16535,3148460326;24;617,022938121482;31;"monotributo";661,686642452405
"1145";3581,1528307639;11694,8142663233;24;677,211932858077;58;"formal";488,204055146197
"1146";3375,58830398769;23287,3976320875;12;730,320519514065;47;"monotributo";1674,27292902371
"1147";2434,28990795664;20806,3593061631;12;766,132403163563;62;"informal";1476,74143899983
"1148";2736,12378071657;23256,7632171881;24;640,87838048742;36;"formal";918,173281690427
"1149";1708,42712701737;15280,2208480194;48;683,38705429626;24;"monotributo";351,698839509616
"1150";2941,82406826676;18703,9895910521;24;537,648982751326;46;"monotributo";740,545853753933
"1151";2689,53042242397;24609,4908640032;24;662,690653555385;26;"formal";922,018977467129
"1152";2798,5645708157;17594,9523337601;36;642,318588544005;55;"monotributo";494,064100732894
"1153";4080,01183904558;16798,4455425207;12;608,984711268176;23;"informal";1297,82933168433
"1154";2688,12991857178;19631,9654378875;48;835,114250602049;44;"informal";374,1482856357
"1155";2578,57235777511;28459,7306986484;36;585,736087592993;58;"informal";789,804208516162
"1156";2247,24300573853;12114,4794712433;12;616,278413701973;47;"formal";930,810270318815
"1157";3740,65433821077;15346,7588255024;24;660,095262496798;35;"monotributo";582,648957445666
"1158";3914,37441139626;9514,31072336922;36;567,124233314869;28;"informal";286,195286425265
"1159";3367,41447034775;21971,3646925184;48;497,368840956954;29;"monotributo";481,157910811124
"1160";2519,4570636805;16136,0970374727;24;548,622971910823;33;"informal";659,823477567024
"1161";3702,72056885105;27413,3549739772;12;661,881875794288;27;"informal";2051,73699671485
"1162";3682,14241064317;17185,4629722004;48;694,314221860406;29;"informal";333,710889006621
"1163";2856,90951339223;28026,1320261708;12;661,916404364613;43;"informal";2098,16008165685
"1164";2897,67956503509;4783,15592423187;36;682,520856306264;23;"monotributo";164,680153616762
"1165";3519,4317956609;14605,6139301437;48;622,190834164908;45;"monotributo";327,230647094818
"1166";3173,76255249778;24112,3898251878;24;717,342999223102;57;"informal";891,474772185395
"1167";2337,42076064569;27581,4538877646;48;691,065507426947;55;"formal";555,266501986328
"1168";3371,59615053862;17966,3130737082;12;643,086241946242;55;"informal";1379,9008080713
"1169";2695,73220995269;4303,15496608207;24;663,291616937332;28;"formal";175,827372930773
"1170";1245,92144274928;23305,3000718266;24;659,330344416665;34;"informal";907,453882907083
"1171";2534,43345937356;16570,0690087863;24;534,199439798717;37;"informal";693,85474650461
